"year","filename","species","type","January","Feburary","March","April","May","June","July","August","September","October","November","December","Total","flag"
"2010","06_Monthly_landings_Columbia_River.pdf","FISH.","landings","CHECK","CHECK","CHECK","CHECK","CHECK","CHECK","CHECK","CHECK","CHECK","CHECK","CHECK","CHECK","CHECK","CHECK"
"2010","06_Monthly_landings_Columbia_River.pdf","Flounder, starry00","landings","0","0","0","0","0","5","0","2","0","0","7","","","CHECK"
"2010","06_Monthly_landings_Columbia_River.pdf","Salmon, chinook481726","landings","11033","45026","91191","61598","19171","425297","420110","23324","0","0","1098524","","","CHECK"
"2010","06_Monthly_landings_Columbia_River.pdf","Salmon, chum00","landings","0","0","0","0","0","0","19","46","0","0","65","","","CHECK"
"2010","06_Monthly_landings_Columbia_River.pdf","Salmon, coho00","landings","0","0","0","0","0","29497","376200","32848","0","0","438545","","","CHECK"
"2010","06_Monthly_landings_Columbia_River.pdf","Salmon, pink00","landings","0","0","0","0","0","29","269","22","0","0","320","","","CHECK"
"2010","06_Monthly_landings_Columbia_River.pdf","Salmon, sockeye00","landings","0","0","0","238","0","0","8","0","0","0","246","","","CHECK"
"2010","06_Monthly_landings_Columbia_River.pdf","Shad, American00","landings","0","6","524","23596","0","0","0","0","0","0","24126","","","CHECK"
"2010","06_Monthly_landings_Columbia_River.pdf","Steelhead00","landings","0","0","0","0","0","2","8","0","0","0","10","","","CHECK"
"2010","06_Monthly_landings_Columbia_River.pdf","Sturgeon, green00","landings","0","0","23","0","0","0","0","0","0","0","23","","","CHECK"
"2010","06_Monthly_landings_Columbia_River.pdf","Sturgeon, white840711","landings","455","440","6258","15165","86","30244","20840","4710","0","0","79749","","","CHECK"
"2010","06_Monthly_landings_Columbia_River.pdf","--------------------------------------------------------------------------------------------------------------------------------","landings",NA,NA,NA,NA,NA,NA,NA,NA,NA,NA,NA,"","","CHECK"
"2010","06_Monthly_landings_Columbia_River.pdf","TOTAL8882437","landings","11488","45472","97996","100597","19257","485074","817454","60952","0","0","1641615","","","CHECK"
"2010","06_Monthly_landings_Columbia_River.pdf","--------------------------------------------------------------------------------------------------------------------------------------------------------","landings",NA,NA,NA,NA,NA,NA,NA,NA,NA,NA,NA,"","","CHECK"
"2010","06_Monthly_landings_Columbia_River.pdf","ABOVE BONNEVILLE DAM____________________","landings",NA,NA,NA,NA,NA,NA,NA,NA,NA,NA,NA,"","","CHECK"
"2010","06_Monthly_landings_Columbia_River.pdf","FISH:","landings",NA,NA,NA,NA,NA,NA,NA,NA,NA,NA,NA,"","","CHECK"
"2010","06_Monthly_landings_Columbia_River.pdf","Salmon, chinook00","landings","0","0","5102","28529","17976","30713","260853","4532","0","0","347705","","","CHECK"
"2010","06_Monthly_landings_Columbia_River.pdf","Salmon, coho00","landings","0","0","0","0","0","411","18375","915","0","0","19701","","","CHECK"
"2010","06_Monthly_landings_Columbia_River.pdf","Salmon, pink00","landings","0","0","0","0","0","5","36","0","0","0","41","","","CHECK"
"2010","06_Monthly_landings_Columbia_River.pdf","Salmon, sockeye00","landings","0","0","0","1338","1056","0","76","0","0","0","2470","","","CHECK"
"2010","06_Monthly_landings_Columbia_River.pdf","Shad, American00","landings","0","0","0","5120","0","0","0","0","0","0","5120","","","CHECK"
"2010","06_Monthly_landings_Columbia_River.pdf","Steelhead00","landings","0","0","0","18","26","1928","10395","177","0","0","12544","","","CHECK"
"2010","06_Monthly_landings_Columbia_River.pdf","Sturgeon, white05312","landings","19565","0","0","242","0","55","0","1705","382","0","27261","","","CHECK"
"2010","06_Monthly_landings_Columbia_River.pdf","Walleye00","landings","0","0","0","0","0","0","19","0","0","0","19","","","CHECK"
"2010","07_Monthly_landings_Astoria.pdf","Anchovy..northern.....","landings","CHECK","CHECK","CHECK","CHECK","CHECK","CHECK","CHECK","CHECK","CHECK","CHECK","CHECK","CHECK","CHECK","CHECK"
"2010","07_Monthly_landings_Astoria.pdf","Shark, Brown Cat","landings","0","62","15","81","51","570",NA,"5","3","17","47","123461","","CHECK"
"2010","07_Monthly_landings_Astoria.pdf","Cod, Pacific","landings","273","382","285","35700","46994","12926192285",NA,"184969","29657","24292","525","8146552769","","CHECK"
"2010","07_Monthly_landings_Astoria.pdf","EelPout","landings","35","182","89","174","508","46310",NA,"22","10","38","103","3061940","","CHECK"
"2010","07_Monthly_landings_Astoria.pdf","Flounder, arrowtooth","landings","79958","169733","277254","350978","639479","495495183025",NA,"215409","89088","189421","140789","3601293190758","","CHECK"
"2010","07_Monthly_landings_Astoria.pdf","Flounder, starry","landings","0","924","770","1109","2372","72272594",NA,"2313","258","9","3","28117860","","CHECK"
"2010","07_Monthly_landings_Astoria.pdf","Greenling sp","landings","0","0","0","0","1","00",NA,"0","0","0","0","01","","CHECK"
"2010","07_Monthly_landings_Astoria.pdf","Grenadier, Pacific","landings","7","33","6","453","317","800",NA,"0","0","0","26","861008","","CHECK"
"2010","07_Monthly_landings_Astoria.pdf","Hagfish sp","landings","13134","27985","40077","67077","78165","16972390501",NA,"0","0","0","0","0486662","","CHECK"
"2010","07_Monthly_landings_Astoria.pdf","Halibut, Pacific","landings","0","0","7","0","9","146509628",NA,"4453","97","10","12","028866","","CHECK"
"2010","07_Monthly_landings_Astoria.pdf","Herring, Pacific","landings","0","0","0","0","0","021",NA,"17","475","0","0","0513","","CHECK"
"2010","07_Monthly_landings_Astoria.pdf","Yellowtail","landings","0","0","0","0","0","00",NA,"22","0","0","0","022","","CHECK"
"2010","07_Monthly_landings_Astoria.pdf","King of Salmon","landings","0","0","0","0","0","04",NA,"0","2","0","0","06","","CHECK"
"2010","07_Monthly_landings_Astoria.pdf","Lamprey, Pacific","landings","0","0","0","0","0","00",NA,"1","0","0","0","01","","CHECK"
"2010","07_Monthly_landings_Astoria.pdf","Lightfish","landings","0","0","0","0","0","00",NA,"150","0","0","0","0150","","CHECK"
"2010","07_Monthly_landings_Astoria.pdf","Lingcod","landings","210","37022","11416","570","4086","1727631616",NA,"52393","16400","16283","4033","116952308257","","CHECK"
"2010","07_Monthly_landings_Astoria.pdf","Mackerel, jack","landings","0","0","0","0","0","263",NA,"1802","277","1541","9","03694","","CHECK"
"2010","07_Monthly_landings_Astoria.pdf","Mackerel, Pacific","landings","0","0","0","0","0","411510",NA,"2815","1029","4","0","015362","","CHECK"
"2010","07_Monthly_landings_Astoria.pdf","Pomfret, Pacific","landings","0","0","0","0","0","00",NA,"7","0","0","0","07","","CHECK"
"2010","07_Monthly_landings_Astoria.pdf","Prickleback spp","landings","0","0","0","0","0","00",NA,"0","1","0","0","01","","CHECK"
"2010","07_Monthly_landings_Astoria.pdf","Prowfish","landings","0","0","0","0","0","00",NA,"0","11","0","0","011","","CHECK"
"2010","07_Monthly_landings_Astoria.pdf","Ragfish","landings","0","0","0","0","0","00",NA,"0","0","0","1","01","","CHECK"
"2010","07_Monthly_landings_Astoria.pdf","Ratfish","landings","85","28","2","21","330","407",NA,"6","9","5","21","227781","","CHECK"
"2010","07_Monthly_landings_Astoria.pdf","Pacific Ocean perch","landings","912","1679","2831","1925","7384","3163219",NA,"84","431","8037","8657","2217057492","","CHECK"
"2010","07_Monthly_landings_Astoria.pdf","Rockfish, black","landings","0","159","147","199","219","29332",NA,"4","277","0","0","3221652","","CHECK"
"2010","07_Monthly_landings_Astoria.pdf","Rockfish, blue","landings","0","0","0","0","0","03",NA,"0","0","0","0","03","","CHECK"
"2010","07_Monthly_landings_Astoria.pdf","Rockfish, canary","landings","4","19","20","34","94","6842395",NA,"1371","676","133","0","4525882","","CHECK"
"2010","07_Monthly_landings_Astoria.pdf","Rockfish, darkblotched","landings","1634","1949","3271","6848","15023","52411135",NA,"692","2840","4439","5992","2698976053","","CHECK"
"2010","07_Monthly_landings_Astoria.pdf","Rockfish, quillback","landings","0","0","0","0","2","165",NA,"24","7","11","0","065","","CHECK"
"2010","07_Monthly_landings_Astoria.pdf","Rockfish, widow","landings","41","89","261","26","73","779468313",NA,"707","11985","21873","1501","6524119187","","CHECK"
"2010","07_Monthly_landings_Astoria.pdf","Rockfish, yelloweye","landings","0","10","0","0","15","112",NA,"372","3","24","0","4441","","CHECK"
"2010","07_Monthly_landings_Astoria.pdf","Rockfish, yellowtail","landings","214","88","26676","358","1623","214208277710",NA,"164559","153565","6049","3711","3887711237532","","CHECK"
"2010","07_Monthly_landings_Astoria.pdf","Rockfish, Shelf","landings","44","66","367","85","555","59284284",NA,"2347","1838","1047","891","510122553","","CHECK"
"2010","07_Monthly_landings_Astoria.pdf","Rockfish, Slope","landings","2008","4529","5286","8963","41905","18925329",NA,"4223","3259","17306","16888","30517154138","","CHECK"
"2010","07_Monthly_landings_Astoria.pdf","Thornyhead, longspine","landings","14249","35816","13447","34377","44083","4446599",NA,"1976","1090","3376","6473","32653232104","","CHECK"
"2010","07_Monthly_landings_Astoria.pdf","Thornyhead, shortspine","landings","22513","34237","21044","40975","111182","671091461",NA,"13420","7782","37308","38211","90624485866","","CHECK"
"2010","07_Monthly_landings_Astoria.pdf","Sablefish","landings","50565","87476","59853","111359","191448","14157435741",NA,"77145","143808","188018","67612","1450681299667","","CHECK"
"2010","07_Monthly_landings_Astoria.pdf","Salmon, chinook","landings","0","0","0","0","12057","192763945",NA,"8467","1183","2343","139","047410","","CHECK"
"2010","07_Monthly_landings_Astoria.pdf","Salmon, chum","landings","0","0","0","0","0","8537",NA,"0","8","0","0","0130","","CHECK"
"2010","07_Monthly_landings_Astoria.pdf","Salmon, coho","landings","0","0","0","0","0","561240",NA,"1215","440","0","0","02951","","CHECK"
"2010","07_Monthly_landings_Astoria.pdf","Salmon, pink","landings","0","0","0","0","0","1193",NA,"18244","15","0","0","018363","","CHECK"
"2010","07_Monthly_landings_Astoria.pdf","Salmon, sockeye","landings","0","0","0","0","0","40",NA,"3","0","0","0","07","","CHECK"
"2010","07_Monthly_landings_Astoria.pdf","Sanddab, Pacific","landings","1144","11102","346","19793","9600","2194526527",NA,"27062","3869","4323","28","3353129092","","CHECK"
"2010","07_Monthly_landings_Astoria.pdf","Sardine, Pacific","landings","0","0","0","0","2","0  17390389",NA,"2314997","4596797","0","0","0  24302185","","CHECK"
"2010","07_Monthly_landings_Astoria.pdf","Sculpin, other sp","landings","0","3","1","6","8","111",NA,"9","2","0","1","1456","","CHECK"
"2010","07_Monthly_landings_Astoria.pdf","Shad, American","landings","0","0","0","0","0","2237210",NA,"1015","6588","17","10","010077","","CHECK"
"2010","07_Monthly_landings_Astoria.pdf","Shark, blue","landings","0","0","0","0","0","073",NA,"52","0","0","0","0125","","CHECK"
"2010","07_Monthly_landings_Astoria.pdf","Shark..Pacific.sleeper","landings","CHECK","CHECK","CHECK","CHECK","CHECK","CHECK","CHECK","CHECK","CHECK","CHECK","CHECK","CHECK","CHECK","CHECK"
"2010","07_Monthly_landings_Astoria.pdf","Shark, shortfin mako","landings","0","0","0","0","00","213","0","0",NA,"0","0","0213","","CHECK"
"2010","07_Monthly_landings_Astoria.pdf","Shark, soupfin","landings","0","469","0","0","00","417","153","0",NA,"0","0","01039","","CHECK"
"2010","07_Monthly_landings_Astoria.pdf","Shark, spiny dogfish","landings","51521","40839","1571","2761","9872320","71765","121542","30585",NA,"34005","5098","1056364050","","CHECK"
"2010","07_Monthly_landings_Astoria.pdf","Shark, thresher","landings","0","0","0","0","00","262","0","0",NA,"0","0","0262","","CHECK"
"2010","07_Monthly_landings_Astoria.pdf","Shark, other sp","landings","19","14","0","0","00","944","328","35",NA,"0","0","01340","","CHECK"
"2010","07_Monthly_landings_Astoria.pdf","Skates and rays","landings","39388","97694","61576","88931","160078231128","155679","126238","63189",NA,"86884","32882","900001233667","","CHECK"
"2010","07_Monthly_landings_Astoria.pdf","Snailfish, blacktail","landings","14","9","2","13","2928","0","0","0",NA,"0","12","36143","","CHECK"
"2010","07_Monthly_landings_Astoria.pdf","Sole, butter","landings","0","0","0","0","111","6","97","9",NA,"0","0","0124","","CHECK"
"2010","07_Monthly_landings_Astoria.pdf","Sole, curlfin (turbot)","landings","0","0","12","0","00","119","152","14",NA,"73","0","0370","","CHECK"
"2010","07_Monthly_landings_Astoria.pdf","Sole, deepsea","landings","341","459","377","644","669296","12","9","25",NA,"169","153","1523306","","CHECK"
"2010","07_Monthly_landings_Astoria.pdf","Sole, Dover","landings","295156","395782","517554","845363","811348369506","266810","299393","209575",NA,"376124","300731","9505965637938","","CHECK"
"2010","07_Monthly_landings_Astoria.pdf","Sole, English","landings","2133","4100","2063","8573","1410713293","38185","34545","11683",NA,"12858","3170","17011161721","","CHECK"
"2010","07_Monthly_landings_Astoria.pdf","Sole, flathead","landings","0","0","0","53","11791293","862","2144","1002",NA,"892","64","697558","","CHECK"
"2010","07_Monthly_landings_Astoria.pdf","Sole, hybrid","landings","0","0","0","0","00","1","0","0",NA,"0","0","01","","CHECK"
"2010","07_Monthly_landings_Astoria.pdf","Sole, petrale","landings","64013","85972","40329","14811","2155444957","65221","86484","36982",NA,"58299","29452","147541695615","","CHECK"
"2010","07_Monthly_landings_Astoria.pdf","Sole, rex","landings","6561","9448","7039","13354","4529644429","71834","51565","28906",NA,"43015","12892","28917363256","","CHECK"
"2010","07_Monthly_landings_Astoria.pdf","Sole, rock","landings","4","26","1","56","5628","43","316","54",NA,"164","0","8756","","CHECK"
"2010","07_Monthly_landings_Astoria.pdf","Sole, sand","landings","0","10586","614","11731","1475236637","18404","41233","5019",NA,"110","378","3353142817","","CHECK"
"2010","07_Monthly_landings_Astoria.pdf","Sole, slender","landings","66","235","70","45","16292993","2153","794","1403",NA,"1115","167","48611156","","CHECK"
"2010","07_Monthly_landings_Astoria.pdf","Sunfish, ocean","landings","0","0","0","0","00","0","6","9",NA,"14","0","029","","CHECK"
"2010","07_Monthly_landings_Astoria.pdf","Surfperch spp","landings","0","1","0","0","00","0","0","0",NA,"0","0","01","","CHECK"
"2010","07_Monthly_landings_Astoria.pdf","Tuna, albacore","landings","0","0","0","0","00","432709","936017","467781",NA,"1274028","33088","03143623","","CHECK"
"2010","07_Monthly_landings_Astoria.pdf","Whiting, Pac (hake)","landings","1253","847","946","3904","10252  12751594  32121793  33102181  11348932",NA,NA,NA,NA,"3845576","373725","10040  93571043","","CHECK"
"2010","07_Monthly_landings_Astoria.pdf","Wolf-eel","landings","0","0","0","0","00","14","11","0",NA,"0","0","025","","CHECK"
"2010","07_Monthly_landings_Astoria.pdf","Wrymouth, giant","landings","0","6","0","0","78","35","79","90",NA,"113","12","20370","","CHECK"
"2010","07_Monthly_landings_Astoria.pdf","Miscellaneous","landings","0","0","6","0","00","0","0","0",NA,"0","0","06","","CHECK"
"2010","07_Monthly_landings_Astoria.pdf","CRUSTACEANS:","landings",NA,NA,NA,NA,"",NA,NA,NA,NA,NA,NA,"","","CHECK"
"2010","07_Monthly_landings_Astoria.pdf","Crab, Dungeness bay","landings","0","0","0","0","00","0","1","0",NA,"0","0","01","","CHECK"
"2010","07_Monthly_landings_Astoria.pdf","Crab, Dungeness ocean","landings","1277207","331112","135776","190436","10526527091","12606","6316","4",NA,"2383","2151","14001993490546","","CHECK"
"2010","07_Monthly_landings_Astoria.pdf","Crab, Tanner","landings","1","35","18","108","139105","0","0","0",NA,"0","16","88510","","CHECK"
"2010","07_Monthly_landings_Astoria.pdf","Shrimp, pink","landings","0","0","0","331774","19375912181677","1905475","1843215","1105537",NA,"712618","26029","0  10043916","","CHECK"
"2010","07_Monthly_landings_Astoria.pdf","MOLLUSKS:","landings",NA,NA,NA,NA,"",NA,NA,NA,NA,NA,NA,"","","CHECK"
"2010","07_Monthly_landings_Astoria.pdf","Clams, razor","landings","0","0","0","316","37492","0","0","0",NA,"0","0","9854","","CHECK"
"2010","07_Monthly_landings_Astoria.pdf","Octopus","landings","25","18","6","22","24110","317","174","86",NA,"103","1","28914","","CHECK"
"2010","07_Monthly_landings_Astoria.pdf","Snails & chitons","landings","0","0","0","2","30","0","0","0",NA,"0","0","05","","CHECK"
"2010","07_Monthly_landings_Astoria.pdf","Squid, Market","landings","0","9","3","0","01","1","0","0",NA,"1","5","1131","","CHECK"
"2010","07_Monthly_landings_Astoria.pdf","Squid, other sp","landings","77","131","5","466","796901","328","353","453",NA,"2052","116","415719","","CHECK"
"2010","07_Monthly_landings_Astoria.pdf","OTHER INVERTEBRATES:","landings",NA,NA,NA,NA,"",NA,NA,NA,NA,NA,NA,"","","CHECK"
"2010","07_Monthly_landings_Astoria.pdf","Jellyfish","landings","0","0","0","0","01","0","0","0",NA,"0","10","011","","CHECK"
"2010","07_Monthly_landings_Astoria.pdf","Sea anemone","landings","12","20","14","56","15986","0","2","0",NA,"1","66","130546","","CHECK"
"2010","07_Monthly_landings_Astoria.pdf","Sea cucumber","landings","1","1","7","4","2911","0","0","0",NA,"0","5","2583","","CHECK"
"2010","07_Monthly_landings_Astoria.pdf","Sea stars","landings","69","77","36","150","165151","5","7","0",NA,"9","68","260997","","CHECK"
"2010","07A_Monthly_landings_Seaside-Gearhart.pdf","Salmon..chinook.......","landings","CHECK","CHECK","CHECK","CHECK","CHECK","CHECK","CHECK","CHECK","CHECK","CHECK","CHECK","CHECK","CHECK","CHECK"
"2010","07A_Monthly_landings_Seaside-Gearhart.pdf","Salmon, coho","landings","0","0","0","0","0","0","0","5","0","0","0","0","5",""
"2010","07A_Monthly_landings_Seaside-Gearhart.pdf","CRUSTACEANS:","landings",NA,NA,NA,NA,NA,NA,NA,NA,NA,NA,NA,NA,NA,""
"2010","07A_Monthly_landings_Seaside-Gearhart.pdf","Crab, Dungeness ocean","landings","0","0","0","0","0","0","388","141","0","0","0","0","529",""
"2010","07A_Monthly_landings_Seaside-Gearhart.pdf","MOLLUSKS:","landings",NA,NA,NA,NA,NA,NA,NA,NA,NA,NA,NA,NA,NA,""
"2010","07A_Monthly_landings_Seaside-Gearhart.pdf","Clams, razor","landings","128","1017","211","3465","5270","2421","357","0","0","466","556","1410","15301",""
"2010","07B_Monthly_landings_Cannon_Beach.pdf","CHECK","landings",NA,NA,NA,NA,NA,NA,NA,NA,NA,NA,NA,NA,NA,NA
"2010","08_Monthly_landings_Nehalem_Bay.pdf","CHECK","landings",NA,NA,NA,NA,NA,NA,NA,NA,NA,NA,NA,NA,NA,NA
"2010","09_Monthly_landings_Garibaldi.pdf","Cabezon...............","landings","CHECK","CHECK","CHECK","CHECK","CHECK","CHECK","CHECK","CHECK","CHECK","CHECK","CHECK","CHECK","CHECK","CHECK"
"2010","09_Monthly_landings_Garibaldi.pdf","Greenling sp","landings","4","44","7","36","35","64","26","46","66","15","2","4","349",""
"2010","09_Monthly_landings_Garibaldi.pdf","Greenling, kelp","landings","0","0","0","1","0","0","0","0","0","0","0","0","1",""
"2010","09_Monthly_landings_Garibaldi.pdf","Halibut, Pacific","landings","0","0","0","0","114","5959","3333","0","0","0","0","0","9406",""
"2010","09_Monthly_landings_Garibaldi.pdf","Irish Lord, brown","landings","0","0","0","0","0","0","3","0","0","0","0","0","3",""
"2010","09_Monthly_landings_Garibaldi.pdf","Lingcod","landings","0","0","0","0","877","764","403","522","185","143","15","0","2909",""
"2010","09_Monthly_landings_Garibaldi.pdf","Rockfish, black","landings","329","617","371","2338","3449","2398","2714","1902","2876","2568","215","306","20083",""
"2010","09_Monthly_landings_Garibaldi.pdf","Rockfish, blue","landings","4","96","3","14","17","0","8","1","46","155","4","0","348",""
"2010","09_Monthly_landings_Garibaldi.pdf","Rockfish, china","landings","0","0","0","2","2","4","2","9","5","1","0","0","25",""
"2010","09_Monthly_landings_Garibaldi.pdf","Rockfish, copper","landings","0","0","0","6","7","5","12","4","3","5","0","0","42",""
"2010","09_Monthly_landings_Garibaldi.pdf","Rockfish, quillback","landings","0","0","0","3","4","0","11","6","9","6","0","0","39",""
"2010","09_Monthly_landings_Garibaldi.pdf","Rockfish, tiger","landings","0","0","0","4","0","4","3","7","2","0","0","0","20",""
"2010","09_Monthly_landings_Garibaldi.pdf","Rockfish, vermillion","landings","0","0","0","11","3","5","12","8","0","0","0","0","39",""
"2010","09_Monthly_landings_Garibaldi.pdf","Rockfish, yellowtail","landings","0","0","0","5","11","0","16","15","26","19","0","0","92",""
"2010","09_Monthly_landings_Garibaldi.pdf","Rockfish, Slope","landings","0","0","0","0","0","0","262","0","0","0","0","0","262",""
"2010","09_Monthly_landings_Garibaldi.pdf","Thornyhead, shortspine","landings","0","0","0","0","0","0","4","0","0","0","0","0","4",""
"2010","09_Monthly_landings_Garibaldi.pdf","Sablefish","landings","2057","784","1895","1083","2076","0","0","3165","2991","0","0","1760","15811",""
"2010","09_Monthly_landings_Garibaldi.pdf","Salmon, chinook","landings","0","0","0","0","1752","6739","2763","1344","1527","753","0","0","14878",""
"2010","09_Monthly_landings_Garibaldi.pdf","Salmon, coho","landings","0","0","0","0","0","0","183","299","230","0","0","0","712",""
"2010","09_Monthly_landings_Garibaldi.pdf","Salmon, pink","landings","0","0","0","0","0","23","10","0","0","0","0","0","33",""
"2010","09_Monthly_landings_Garibaldi.pdf","Sculpin, other sp","landings","0","0","0","0","0","0","0","0","3","0","0","0","3",""
"2010","09_Monthly_landings_Garibaldi.pdf","Tuna, albacore","landings","0","0","0","0","0","0","29986","61403","20791","56210","0","0","168390",""
"2010","09_Monthly_landings_Garibaldi.pdf","Wolf-eel","landings","0","0","0","0","6","17","0","0","15","0","0","0","38",""
"2010","09_Monthly_landings_Garibaldi.pdf","CRUSTACEANS:","landings",NA,NA,NA,NA,NA,NA,NA,NA,NA,NA,NA,NA,NA,""
"2010","09_Monthly_landings_Garibaldi.pdf","Crab, Dungeness bay","landings","0","0","0","0","0","0","0","0","0","257","0","0","257",""
"2010","09_Monthly_landings_Garibaldi.pdf","Crab, Dungeness ocean","landings","320993","88105","59097","47601","41984","23243","15843","6603","0","847","695","275066","880077",""
"2010","09_Monthly_landings_Garibaldi.pdf","Shrimp, ghost","landings","55","14","166","196","360","2491","539","283","338","769","474","271","5956",""
"2010","09_Monthly_landings_Garibaldi.pdf","Shrimp, mud","landings","5","0","0","0","0","0","10","0","0","0","0","0","15",""
"2010","09_Monthly_landings_Garibaldi.pdf","Shrimp, pink","landings","0","0","0","11914","0","0","0","0","0","0","0","0","11914",""
"2010","09_Monthly_landings_Garibaldi.pdf","MOLLUSKS:","landings",NA,NA,NA,NA,NA,NA,NA,NA,NA,NA,NA,NA,NA,""
"2010","09_Monthly_landings_Garibaldi.pdf","Clams, butter","landings","0","0","0","0","0","0","5257","1553","1571","1180","126","2915","12602",""
"2010","09_Monthly_landings_Garibaldi.pdf","Clams, cockle","landings","0","2015","12325","41280","36172","29928","15988","10697","1152","344","1210","1740","152851",""
"2010","09_Monthly_landings_Garibaldi.pdf","Clams, gaper","landings","0","0","0","0","0","0","6139","5963","8639","3787","6731","3221","34480",""
"2010","09_Monthly_landings_Garibaldi.pdf","Clams, razor","landings","0","0","0","0","0","0","0","0","0","0","0","33","33",""
"2010","09_Monthly_landings_Garibaldi.pdf","OTHER INVERTEBRATES:","landings",NA,NA,NA,NA,NA,NA,NA,NA,NA,NA,NA,NA,NA,""
"2010","09_Monthly_landings_Garibaldi.pdf","Sea urchin, red","landings","0","0","0","20","0","0","0","0","0","0","0","0","20",""
"2010","10_Monthly_landings_Netarts_Bay.pdf","CHECK","landings",NA,NA,NA,NA,NA,NA,NA,NA,NA,NA,NA,NA,NA,NA
"2010","11_Monthly_landings_Pacific_City.pdf","Cabezon...............","landings","CHECK","CHECK","CHECK","CHECK","CHECK","CHECK","CHECK","CHECK","CHECK","CHECK","CHECK","CHECK","CHECK","CHECK"
"2010","11_Monthly_landings_Pacific_City.pdf","Greenling sp","landings","0","1","0","14","0","0","20","2","0","0","0","0","37",""
"2010","11_Monthly_landings_Pacific_City.pdf","Lingcod","landings","0","0","0","0","2336","2460","1710","2097","320","35","5","0","8963",""
"2010","11_Monthly_landings_Pacific_City.pdf","Rockfish, black","landings","0","137","42","1218","2060","4080","3249","648","542","399","37","117","12529",""
"2010","11_Monthly_landings_Pacific_City.pdf","Rockfish, blue","landings","0","0","0","31","3","0","48","14","0","17","0","5","118",""
"2010","11_Monthly_landings_Pacific_City.pdf","Rockfish, china","landings","0","0","0","0","0","0","0","2","0","0","0","0","2",""
"2010","11_Monthly_landings_Pacific_City.pdf","Rockfish, copper","landings","0","0","0","12","0","0","3","0","17","0","0","0","32",""
"2010","11_Monthly_landings_Pacific_City.pdf","Rockfish, quillback","landings","0","0","0","0","0","7","3","18","0","0","0","0","28",""
"2010","11_Monthly_landings_Pacific_City.pdf","Rockfish, vermillion","landings","0","0","0","10","14","0","0","0","0","0","0","0","24",""
"2010","11_Monthly_landings_Pacific_City.pdf","Rockfish, yellowtail","landings","0","12","0","3","28","20","43","18","28","3","0","3","158",""
"2010","11_Monthly_landings_Pacific_City.pdf","Sablefish","landings","0","0","0","0","0","0","26","0","0","0","0","0","26",""
"2010","11_Monthly_landings_Pacific_City.pdf","Salmon, chinook","landings","0","0","0","0","0","428","176","236","0","26","0","0","866",""
"2010","11_Monthly_landings_Pacific_City.pdf","Tuna, albacore","landings","0","0","0","0","0","0","495","2586","0","0","0","0","3081",""
"2010","11_Monthly_landings_Pacific_City.pdf","CRUSTACEANS:","landings",NA,NA,NA,NA,NA,NA,NA,NA,NA,NA,NA,NA,NA,""
"2010","11_Monthly_landings_Pacific_City.pdf","Crab, Dungeness bay","landings","0","0","0","0","0","0","0","0","43","66","0","0","109",""
"2010","11_Monthly_landings_Pacific_City.pdf","Crab, Dungeness ocean","landings","421","289","122","417","870","1614","1376","1426","0","0","0","0","6535",""
"2010","11_Monthly_landings_Pacific_City.pdf","Shrimp, ghost","landings","0","0","0","0","0","115","0","0","339","232","147","0","833",""
"2010","11A_Monthly_landings_Salmon_River.pdf","CHECK","landings",NA,NA,NA,NA,NA,NA,NA,NA,NA,NA,NA,NA,NA,NA
"2010","12_Monthly_landings_Siletz_Bay.pdf","CHECK","landings",NA,NA,NA,NA,NA,NA,NA,NA,NA,NA,NA,NA,NA,NA
"2010","13_Monthly_landings_Depoe_Bay.pdf","Cabezon...............","landings","CHECK","CHECK","CHECK","CHECK","CHECK","CHECK","CHECK","CHECK","CHECK","CHECK","CHECK","CHECK","CHECK","CHECK"
"2010","13_Monthly_landings_Depoe_Bay.pdf","Greenling sp","landings","0","0","0","25","21","0","11","3","0","0","0","5","65",""
"2010","13_Monthly_landings_Depoe_Bay.pdf","Halibut, Pacific","landings","0","0","0","0","0","99","108","0","0","0","0","0","207",""
"2010","13_Monthly_landings_Depoe_Bay.pdf","Lingcod","landings","0","0","0","0","1078","1185","574","1537","494","304","0","0","5172",""
"2010","13_Monthly_landings_Depoe_Bay.pdf","Mackerel, jack","landings","0","0","0","0","0","0","0","0","0","4","0","0","4",""
"2010","13_Monthly_landings_Depoe_Bay.pdf","Rockfish, black","landings","0","0","0","381","1587","1050","226","129","138","736","0","184","4431",""
"2010","13_Monthly_landings_Depoe_Bay.pdf","Rockfish, blue","landings","0","0","0","14","15","150","0","2","0","78","0","4","263",""
"2010","13_Monthly_landings_Depoe_Bay.pdf","Rockfish, china","landings","0","0","0","0","0","0","0","0","3","7","0","0","10",""
"2010","13_Monthly_landings_Depoe_Bay.pdf","Rockfish, copper","landings","0","0","0","0","0","3","0","0","0","0","0","0","3",""
"2010","13_Monthly_landings_Depoe_Bay.pdf","Rockfish, quillback","landings","0","0","0","0","2","22","0","13","7","0","0","0","44",""
"2010","13_Monthly_landings_Depoe_Bay.pdf","Rockfish, tiger","landings","0","0","0","0","0","0","0","0","3","0","0","0","3",""
"2010","13_Monthly_landings_Depoe_Bay.pdf","Rockfish, vermillion","landings","0","0","0","0","0","16","0","0","12","0","0","0","28",""
"2010","13_Monthly_landings_Depoe_Bay.pdf","Rockfish, yellowtail","landings","0","0","0","0","2","14","2","0","0","3","0","1","22",""
"2010","13_Monthly_landings_Depoe_Bay.pdf","Salmon, chinook","landings","0","0","0","0","0","0","0","82","0","0","0","0","82",""
"2010","13_Monthly_landings_Depoe_Bay.pdf","Tuna, albacore","landings","0","0","0","0","0","0","1219","1602","2289","703","0","0","5813",""
"2010","13_Monthly_landings_Depoe_Bay.pdf","CRUSTACEANS:","landings",NA,NA,NA,NA,NA,NA,NA,NA,NA,NA,NA,NA,NA,""
"2010","13_Monthly_landings_Depoe_Bay.pdf","Crab, Dungeness ocean","landings","4869","1402","434","511","1140","1382","512","1181","0","0","0","1276","12707",""
"2010","13_Monthly_landings_Depoe_Bay.pdf","MOLLUSKS:","landings",NA,NA,NA,NA,NA,NA,NA,NA,NA,NA,NA,NA,NA,""
"2010","13_Monthly_landings_Depoe_Bay.pdf","Octopus","landings","0","0","0","0","0","0","30","0","0","0","0","0","30",""
"2010","13_Monthly_landings_Depoe_Bay.pdf","OTHER INVERTEBRATES:","landings",NA,NA,NA,NA,NA,NA,NA,NA,NA,NA,NA,NA,NA,""
"2010","13_Monthly_landings_Depoe_Bay.pdf","Sea urchin, red","landings","0","0","0","0","0","0","15160","0","0","0","0","0","15160",""
"2010","14_Monthly_landings_Newport.pdf","Barracudina..Duckbill","landings","CHECK","CHECK","CHECK","CHECK","CHECK","CHECK","CHECK","CHECK","CHECK","CHECK","CHECK","CHECK","CHECK","CHECK"
"2010","14_Monthly_landings_Newport.pdf","Shark, Brown Cat","landings","0","0","0","0","0","782","2467","2040","1","380","1493","0","7163",""
"2010","14_Monthly_landings_Newport.pdf","Cabezon","landings","15","0","0","0","11","16","0","60","10","8","3","0","123",""
"2010","14_Monthly_landings_Newport.pdf","Cod, Pacific","landings","0","0","0","0","234","5","272","2320","20","0","0","0","2851",""
"2010","14_Monthly_landings_Newport.pdf","EelPout","landings","0","0","0","0","0","0","1","2","0","0","0","0","3",""
"2010","14_Monthly_landings_Newport.pdf","Flounder, arrowtooth","landings","1914","3204","35296","36562","7568","7856","10216","3699","811","246","27443","5741","140556",""
"2010","14_Monthly_landings_Newport.pdf","Greenling sp","landings","0","9","0","0","3","6","0","2","6","0","0","0","26",""
"2010","14_Monthly_landings_Newport.pdf","Grenadier, Pacific","landings","15","0","39","0","0","0","0","0","0","0","0","0","54",""
"2010","14_Monthly_landings_Newport.pdf","Hagfish sp","landings","8487","6665","0","0","24905","39712","15657","0","0","0","0","0","95426",""
"2010","14_Monthly_landings_Newport.pdf","Halibut, Pacific","landings","0","0","0","0","2107","35262","80392","5012","316","0","20","0","123109",""
"2010","14_Monthly_landings_Newport.pdf","Herring, Pacific","landings","0","0","0","0","0","0","4","0","0","0","0","0","4",""
"2010","14_Monthly_landings_Newport.pdf","Yellowtail","landings","0","0","0","0","0","0","0","12","0","0","0","0","12",""
"2010","14_Monthly_landings_Newport.pdf","King of Salmon","landings","0","0","0","0","0","0","44","115","6","170","0","0","335",""
"2010","14_Monthly_landings_Newport.pdf","Lingcod","landings","0","0","12","0","2994","3288","6249","7018","3695","1490","70","16","24832",""
"2010","14_Monthly_landings_Newport.pdf","Mackerel, jack","landings","0","0","0","0","0","8","24","224","2437","24133","17","0","26843",""
"2010","14_Monthly_landings_Newport.pdf","Mackerel, Pacific","landings","0","0","0","0","0","0","0","18","0","0","0","0","18",""
"2010","14_Monthly_landings_Newport.pdf","Pomfret, Pacific","landings","0","0","0","0","0","0","0","5","6","0","0","0","11",""
"2010","14_Monthly_landings_Newport.pdf","Ragfish","landings","0","0","0","0","0","46","180","275","110","0","0","0","611",""
"2010","14_Monthly_landings_Newport.pdf","Ratfish","landings","0","0","0","0","0","0","3","0","0","0","0","0","3",""
"2010","14_Monthly_landings_Newport.pdf","Pacific Ocean perch","landings","0","3","14","70","48","51","107","580","232","74","869","4630","6678",""
"2010","14_Monthly_landings_Newport.pdf","Rockfish, black","landings","24","56","0","791","919","1300","563","294","25","461","95","0","4528",""
"2010","14_Monthly_landings_Newport.pdf","Rockfish, blue","landings","0","15","0","123","46","29","98","0","0","30","0","0","341",""
"2010","14_Monthly_landings_Newport.pdf","Rockfish, canary","landings","0","0","0","0","180","4","17","95","18","0","0","0","314",""
"2010","14_Monthly_landings_Newport.pdf","Rockfish, china","landings","0","0","0","0","6","0","0","0","0","0","0","0","6",""
"2010","14_Monthly_landings_Newport.pdf","Rockfish, copper","landings","0","0","0","0","0","0","0","3","0","10","0","0","13",""
"2010","14_Monthly_landings_Newport.pdf","Rockfish, darkblotched","landings","5","212","370","1255","2057","715","680","2281","954","370","4237","19914","33050",""
"2010","14_Monthly_landings_Newport.pdf","Rockfish, quillback","landings","0","0","0","0","0","0","0","6","0","0","0","0","6",""
"2010","14_Monthly_landings_Newport.pdf","Rockfish, shortbelly","landings","0","0","0","0","0","1","0","0","0","0","0","0","1",""
"2010","14_Monthly_landings_Newport.pdf","Rockfish, tiger","landings","0","0","0","0","0","0","0","3","0","0","0","0","3",""
"2010","14_Monthly_landings_Newport.pdf","Rockfish, widow","landings","0","0","0","3","30","1399","37342","42521","12795","7905","320","46","102361",""
"2010","14_Monthly_landings_Newport.pdf","Rockfish, yelloweye","landings","0","0","0","0","14","0","0","18","0","8","0","0","40",""
"2010","14_Monthly_landings_Newport.pdf","Rockfish, yellowtail","landings","0","0","0","3","7059","8099","8696","9281","36946","1269","3","0","71356",""
"2010","14_Monthly_landings_Newport.pdf","Rockfish, Shelf","landings","0","0","1843","0","171","62","319","170","271","172","32","0","3040",""
"2010","14_Monthly_landings_Newport.pdf","Rockfish, Slope","landings","46","328","495","2954","3457","7216","5535","9135","14445","13368","4945","4815","66739",""
"2010","14_Monthly_landings_Newport.pdf","Thornyhead, longspine","landings","3244","1013","23179","37486","13929","4220","6","738","1","0","6330","4502","94648",""
"2010","14_Monthly_landings_Newport.pdf","Thornyhead, shortspine","landings","2850","754","16139","34534","13320","3392","1999","799","1670","1676","14642","13089","104864",""
"2010","14_Monthly_landings_Newport.pdf","Sablefish","landings","6583","14101","50388","81184","91350","211937","297039","229327","289391","314434","83598","60866","1730198",""
"2010","14_Monthly_landings_Newport.pdf","Salmon, chinook","landings","0","0","0","5342","36639","21956","5573","8593","1538","2258","508","0","82407",""
"2010","14_Monthly_landings_Newport.pdf","Salmon, chum","landings","0","0","0","0","0","0","0","7","0","0","0","0","7",""
"2010","14_Monthly_landings_Newport.pdf","Salmon, coho","landings","0","0","0","0","0","9","105","32","53","0","0","0","199",""
"2010","14_Monthly_landings_Newport.pdf","Salmon, pink","landings","0","0","0","0","0","0","22","158","11","0","0","0","191",""
"2010","14_Monthly_landings_Newport.pdf","Sanddab, Pacific","landings","2","0","0","0","0","1","1888","18","0","0","0","0","1909",""
"2010","14_Monthly_landings_Newport.pdf","Sardine, Pacific","landings","0","0","0","0","0","0","4","0","0","0","0","0","4",""
"2010","14_Monthly_landings_Newport.pdf","Shad, American","landings","0","0","0","0","0","7","76","70","844","0","0","0","997",""
"2010","14_Monthly_landings_Newport.pdf","Shark, blue","landings","0","0","0","0","0","0","0","26","23","0","0","0","49",""
"2010","14_Monthly_landings_Newport.pdf","Shark, soupfin","landings","0","0","0","0","0","0","0","0","22","29","0","0","51",""
"2010","14_Monthly_landings_Newport.pdf","Shark, spiny dogfish","landings","16","0","6","0","0","413","5432","10807","8143","19100","8547","0","52464",""
"2010","14_Monthly_landings_Newport.pdf","Shark..thresher.......","landings","CHECK","CHECK","CHECK","CHECK","CHECK","CHECK","CHECK","CHECK","CHECK","CHECK","CHECK","CHECK","CHECK","CHECK"
"2010","14_Monthly_landings_Newport.pdf","Shark, other sp","landings","0","0","0","0","0","27362","394","0",NA,"0","0","0729","","CHECK"
"2010","14_Monthly_landings_Newport.pdf","Skates and rays","landings","1499","2484","23580","37835","8089","44466575","6663","182",NA,"97","6957","16408114815","","CHECK"
"2010","14_Monthly_landings_Newport.pdf","Snailfish, blacktail","landings","0","0","0","0","0","04","1","0",NA,"0","1","06","","CHECK"
"2010","14_Monthly_landings_Newport.pdf","Sole, curlfin (turbot)","landings","0","0","0","0","0","02","1","0",NA,"0","0","03","","CHECK"
"2010","14_Monthly_landings_Newport.pdf","Sole, deepsea","landings","0","0","0","0","0","00","0","1",NA,"0","10","011","","CHECK"
"2010","14_Monthly_landings_Newport.pdf","Sole, Dover","landings","51463","15213","328278","456133","63574","1651223674","9706","296",NA,"169","53725","816371100380","","CHECK"
"2010","14_Monthly_landings_Newport.pdf","Sole, English","landings","0","19","144","3","44","2571170","2411","3",NA,"0","14","4964561","","CHECK"
"2010","14_Monthly_landings_Newport.pdf","Sole, petrale","landings","20","10651","8823","346","618","3115717","22652","0",NA,"0","995","72664132517","","CHECK"
"2010","14_Monthly_landings_Newport.pdf","Sole, rex","landings","731","401","2787","5036","1842","24455792","1259","32",NA,"11","2262","323725835","","CHECK"
"2010","14_Monthly_landings_Newport.pdf","Sole, rock","landings","0","0","0","0","0","020","26","1",NA,"0","0","047","","CHECK"
"2010","14_Monthly_landings_Newport.pdf","Sole, slender","landings","0","0","0","16","0","00","0","1",NA,"0","0","017","","CHECK"
"2010","14_Monthly_landings_Newport.pdf","Sunfish, ocean","landings","0","0","0","0","0","00","0","0",NA,"70","0","070","","CHECK"
"2010","14_Monthly_landings_Newport.pdf","Tuna, bluefin","landings","0","0","0","0","0","068","25","0",NA,"0","0","093","","CHECK"
"2010","14_Monthly_landings_Newport.pdf","Tuna, albacore","landings","0","0","0","0","0","2755666273","1301220","1040688",NA,"540268","96795","03647999","","CHECK"
"2010","14_Monthly_landings_Newport.pdf","Whiting, Pac (hake)","landings","33","42","58","225","2","4284097  12066190  13290412  13892290",NA,NA,NA,"8664407","2303918","10  54501684","","CHECK"
"2010","14_Monthly_landings_Newport.pdf","CRUSTACEANS:","landings",NA,NA,NA,NA,NA,"",NA,NA,NA,NA,NA,"","","CHECK"
"2010","14_Monthly_landings_Newport.pdf","Crab, box","landings","0","645","48","0","124","00","0","0",NA,"0","0","0817","","CHECK"
"2010","14_Monthly_landings_Newport.pdf","Crab, Dungeness bay","landings","0","0","0","0","0","00","0","751",NA,"645","80","01476","","CHECK"
"2010","14_Monthly_landings_Newport.pdf","Crab, Dungeness ocean","landings","2489109","485310","200297","155869","68716","3341718366","12835","0",NA,"1119","2871","22325765700485","","CHECK"
"2010","14_Monthly_landings_Newport.pdf","Crab, rock","landings","60","0","0","50","75","1133200","205","155",NA,"909","554","03341","","CHECK"
"2010","14_Monthly_landings_Newport.pdf","Shrimp, ghost","landings","0","0","0","0","0","00","72","0",NA,"0","0","072","","CHECK"
"2010","14_Monthly_landings_Newport.pdf","Shrimp, pink","landings","0","0","0","1804365","2678622","20155841644326","2478558","1950057",NA,"1665866","0","0  14237378","","CHECK"
"2010","14_Monthly_landings_Newport.pdf","MOLLUSKS:","landings",NA,NA,NA,NA,NA,"",NA,NA,NA,NA,NA,"","","CHECK"
"2010","14_Monthly_landings_Newport.pdf","Clams, butter","landings","0","0","0","0","0","00","0","0",NA,"0","80","080","","CHECK"
"2010","14_Monthly_landings_Newport.pdf","Clams, cockle","landings","0","0","0","0","0","00","0","900",NA,"0","373","01273","","CHECK"
"2010","14_Monthly_landings_Newport.pdf","Clams, gaper","landings","0","0","0","0","0","00","0","0",NA,"0","271","0271","","CHECK"
"2010","14_Monthly_landings_Newport.pdf","Octopus","landings","333","75","153","50","0","040","49","0",NA,"0","0","65765","","CHECK"
"2010","14_Monthly_landings_Newport.pdf","Squid, other sp","landings","0","0","0","0","0","20444707","8685","6573",NA,"4454","2333","028796","","CHECK"
"2010","14_Monthly_landings_Newport.pdf","OTHER INVERTEBRATES:","landings",NA,NA,NA,NA,NA,"",NA,NA,NA,NA,NA,"","","CHECK"
"2010","14_Monthly_landings_Newport.pdf","Sea anemone","landings","0","0","0","0","0","71","1","0",NA,"0","0","09","","CHECK"
"2010","14_Monthly_landings_Newport.pdf","Sea stars","landings","0","0","0","60","0","00","0","0",NA,"0","0","060","","CHECK"
"2010","15_Monthly_landings_Walport.pdf","Crab..Dungeness.bay...","landings","CHECK","CHECK","CHECK","CHECK","CHECK","CHECK","CHECK","CHECK","CHECK","CHECK","CHECK","CHECK","CHECK","CHECK"
"2010","15_Monthly_landings_Walport.pdf","Crab, Dungeness ocean","landings","0","0","0","0","0","0","0","0","275","0","0","0","275",""
"2010","15_Monthly_landings_Walport.pdf","Shrimp, ghost","landings","1978","1959","2009","3170","5891","4683","4047","2512","3267","3194","332","1055","34097",""
"2010","15_Monthly_landings_Walport.pdf","Shrimp, mud","landings","0","0","0","0","0","0","0","0","0","6","0","0","6",""
"2010","15_Monthly_landings_Walport.pdf","MOLLUSKS:","landings",NA,NA,NA,NA,NA,NA,NA,NA,NA,NA,NA,NA,NA,""
"2010","15_Monthly_landings_Walport.pdf","Clams, cockle","landings","0","0","0","0","0","0","0","0","350","100","400","0","850",""
"2010","15A_Monthly_landings_Yachats.pdf","CHECK","landings",NA,NA,NA,NA,NA,NA,NA,NA,NA,NA,NA,NA,NA,NA
"2010","16_Montly_landings_Florence.pdf","Halibut..Pacific......","landings","CHECK","CHECK","CHECK","CHECK","CHECK","CHECK","CHECK","CHECK","CHECK","CHECK","CHECK","CHECK","CHECK","CHECK"
"2010","16_Montly_landings_Florence.pdf","Thornyhead, shortspine","landings","0","0","0","0","0","0","0","0","11","0","0","0","11",""
"2010","16_Montly_landings_Florence.pdf","Salmon, chinook","landings","0","0","0","0","0","89","0","302","0","0","0","0","391",""
"2010","16_Montly_landings_Florence.pdf","Tuna, albacore","landings","0","0","0","0","0","0","4337","9049","5717","9274","0","0","28377",""
"2010","16_Montly_landings_Florence.pdf","CRUSTACEANS:","landings",NA,NA,NA,NA,NA,NA,NA,NA,NA,NA,NA,NA,NA,""
"2010","16_Montly_landings_Florence.pdf","Crab, Dungeness bay","landings","0","0","0","0","0","0","0","0","459","207","0","0","666",""
"2010","16_Montly_landings_Florence.pdf","Crab, Dungeness ocean","landings","0","3609","0","8622","4667","564","1171","0","0","0","0","220","18853",""
"2010","16_Montly_landings_Florence.pdf","Shrimp, ghost","landings","15","105","60","60","265","200","30","0","60","70","10","0","875",""
"2010","16_Montly_landings_Florence.pdf","MOLLUSKS:","landings",NA,NA,NA,NA,NA,NA,NA,NA,NA,NA,NA,NA,NA,""
"2010","16_Montly_landings_Florence.pdf","Clams, cockle","landings","0","0","0","0","0","0","0","0","0","0","577","0","577",""
"2010","17_Monthly_landings_Winchester_Bay.pdf","Flounder..arrowtooth..","landings","CHECK","CHECK","CHECK","CHECK","CHECK","CHECK","CHECK","CHECK","CHECK","CHECK","CHECK","CHECK","CHECK","CHECK"
"2010","17_Monthly_landings_Winchester_Bay.pdf","Halibut, Pacific","landings","0","0","0","0","15","1825","3721","0","0","0","0","0","5561",""
"2010","17_Monthly_landings_Winchester_Bay.pdf","Herring, Pacific","landings","0","0","0","0","0","100","0","0","0","0","0","0","100",""
"2010","17_Monthly_landings_Winchester_Bay.pdf","Lingcod","landings","0","0","0","0","0","75","79","0","0","0","0","0","154",""
"2010","17_Monthly_landings_Winchester_Bay.pdf","Pacific Ocean perch","landings","0","0","0","0","0","0","0","0","0","2","0","0","2",""
"2010","17_Monthly_landings_Winchester_Bay.pdf","Rockfish, darkblotched","landings","0","0","0","0","0","86","0","0","0","25","0","0","111",""
"2010","17_Monthly_landings_Winchester_Bay.pdf","Rockfish, Shelf","landings","0","0","0","0","0","8","0","0","0","0","0","0","8",""
"2010","17_Monthly_landings_Winchester_Bay.pdf","Rockfish, Slope","landings","0","0","0","0","0","174","0","0","0","24","0","0","198",""
"2010","17_Monthly_landings_Winchester_Bay.pdf","Thornyhead, shortspine","landings","0","0","0","0","0","5","0","0","0","34","0","0","39",""
"2010","17_Monthly_landings_Winchester_Bay.pdf","Sablefish","landings","0","0","0","0","0","20072","784","5598","5392","3267","3216","0","38329",""
"2010","17_Monthly_landings_Winchester_Bay.pdf","Salmon, chinook","landings","0","0","0","101","1941","5905","1227","2040","18","0","0","0","11232",""
"2010","17_Monthly_landings_Winchester_Bay.pdf","Sardine, Pacific","landings","0","0","0","0","0","200","0","0","0","0","0","0","200",""
"2010","17_Monthly_landings_Winchester_Bay.pdf","Skates and rays","landings","0","0","0","0","0","1712","0","0","0","190","0","0","1902",""
"2010","17_Monthly_landings_Winchester_Bay.pdf","Tuna, albacore","landings","0","0","0","0","0","0","26679","77949","40018","75397","9398","0","229441",""
"2010","17_Monthly_landings_Winchester_Bay.pdf","CRUSTACEANS:","landings",NA,NA,NA,NA,NA,NA,NA,NA,NA,NA,NA,NA,NA,""
"2010","17_Monthly_landings_Winchester_Bay.pdf","Crab, Dungeness bay","landings","0","0","0","0","0","0","0","0","651","433","470","0","1554",""
"2010","17_Monthly_landings_Winchester_Bay.pdf","Crab, Dungeness ocean","landings","183564","80679","43174","37946","17813","6567","1755","2343","0","0","0","74704","448545",""
"2010","18_Monthly_landings_Charleston.pdf","Cabezon...............","landings","CHECK","CHECK","CHECK","CHECK","CHECK","CHECK","CHECK","CHECK","CHECK","CHECK","CHECK","CHECK","CHECK","CHECK"
"2010","18_Monthly_landings_Charleston.pdf","Dolphinfish","landings","0","0","0","0","0","0","0","0","233","0","0","0","233",""
"2010","18_Monthly_landings_Charleston.pdf","Flounder, arrowtooth","landings","13340","30093","29510","6577","7159","34373","12608","31695","9582","16173","15044","53791","259945",""
"2010","18_Monthly_landings_Charleston.pdf","Flounder, starry","landings","0","0","0","0","0","0","4","7","0","7","0","0","18",""
"2010","18_Monthly_landings_Charleston.pdf","Greenling sp","landings","0","29","0","0","0","0","0","0","0","7","0","0","36",""
"2010","18_Monthly_landings_Charleston.pdf","Grenadier, Pacific","landings","740","3979","1024","2521","2397","15072","4032","12054","8740","556","6","6","51127",""
"2010","18_Monthly_landings_Charleston.pdf","Grenadier, Unsp","landings","0","0","0","0","0","0","0","8","129","698","2984","0","3819",""
"2010","18_Monthly_landings_Charleston.pdf","Hagfish sp","landings","63394","75115","72602","159737","254456","140673","72967","158703","133601","123439","56095","126682","1437464",""
"2010","18_Monthly_landings_Charleston.pdf","Halibut, Pacific","landings","14","0","0","223","1963","12818","17401","0","0","0","0","0","32419",""
"2010","18_Monthly_landings_Charleston.pdf","Yellowtail","landings","0","0","0","0","0","0","14","0","10","0","0","0","24",""
"2010","18_Monthly_landings_Charleston.pdf","Lingcod","landings","0","222","90","15","2043","2583","3030","3396","3003","4048","1191","220","19841",""
"2010","18_Monthly_landings_Charleston.pdf","Mackerel, jack","landings","0","0","0","0","0","0","7","0","0","441","0","0","448",""
"2010","18_Monthly_landings_Charleston.pdf","Ratfish","landings","0","0","0","0","0","0","0","0","2","0","0","0","2",""
"2010","18_Monthly_landings_Charleston.pdf","Pacific Ocean perch","landings","22","43","39","0","24","238","13","81","57","91","95","1009","1712",""
"2010","18_Monthly_landings_Charleston.pdf","Rockfish, black","landings","0","80","3","0","4","0","5","82","50","125","50","35","434",""
"2010","18_Monthly_landings_Charleston.pdf","Rockfish, blue","landings","0","0","0","0","0","0","0","0","4","0","0","20","24",""
"2010","18_Monthly_landings_Charleston.pdf","Rockfish, canary","landings","0","5","0","0","3","11","36","184","58","49","0","0","346",""
"2010","18_Monthly_landings_Charleston.pdf","Rockfish, china","landings","0","20","0","0","0","0","0","0","0","66","0","6","92",""
"2010","18_Monthly_landings_Charleston.pdf","Rockfish, copper","landings","0","38","0","0","0","0","0","0","0","27","0","0","65",""
"2010","18_Monthly_landings_Charleston.pdf","Rockfish, darkblotched","landings","770","4436","2241","1193","2483","3938","456","5616","2921","1171","5257","25594","56076",""
"2010","18_Monthly_landings_Charleston.pdf","Rockfish, quillback","landings","0","0","0","0","11","0","0","0","3","0","0","0","14",""
"2010","18_Monthly_landings_Charleston.pdf","Rockfish, vermillion","landings","0","0","0","0","0","9","11","0","13","143","0","0","176",""
"2010","18_Monthly_landings_Charleston.pdf","Rockfish, widow","landings","0","3","0","0","0","576","6387","249","766","410","0","63","8454",""
"2010","18_Monthly_landings_Charleston.pdf","Rockfish, yelloweye","landings","0","0","0","0","0","0","2","0","0","0","0","0","2",""
"2010","18_Monthly_landings_Charleston.pdf","Rockfish, yellowtail","landings","0","0","0","90","275","281","87","129","80","114","0","0","1056",""
"2010","18_Monthly_landings_Charleston.pdf","Rockfish, Shelf","landings","0","5","1","1","56","1614","349","1002","177","133","1","11","3350",""
"2010","18_Monthly_landings_Charleston.pdf","Rockfish, Slope","landings","281","829","807","748","1256","2947","503","1778","2211","2777","689","1392","16218",""
"2010","18_Monthly_landings_Charleston.pdf","Thornyhead, longspine","landings","26135","59397","7931","9745","7729","36323","14338","24497","22094","9112","17836","35494","270631",""
"2010","18_Monthly_landings_Charleston.pdf","Thornyhead, shortspine","landings","15564","20203","9190","6549","7013","34320","9725","17516","14911","12551","14203","14809","176554",""
"2010","18_Monthly_landings_Charleston.pdf","Sablefish","landings","40690","72097","36712","67306","179071","125458","104436","101200","122625","135157","53163","75024","1112939",""
"2010","18_Monthly_landings_Charleston.pdf","Salmon, chinook","landings","0","0","0","47821","77459","112183","8145","3888","3298","1776","0","0","254570",""
"2010","18_Monthly_landings_Charleston.pdf","Salmon, pink","landings","0","0","0","0","0","115","0","0","0","0","0","0","115",""
"2010","18_Monthly_landings_Charleston.pdf","Sanddab, Pacific","landings","0","0","0","0","656","34080","18891","20015","2427","827","0","0","76896",""
"2010","18_Monthly_landings_Charleston.pdf","Shark, blue","landings","0","0","0","0","0","0","0","0","52","0","0","0","52",""
"2010","18_Monthly_landings_Charleston.pdf","Shark, sixgill","landings","0","0","0","0","0","0","53","0","0","0","0","0","53",""
"2010","18_Monthly_landings_Charleston.pdf","Shark, spiny dogfish","landings","116","60","0","564","743","44","248","48","187","2662","0","1917","6589",""
"2010","18_Monthly_landings_Charleston.pdf","Shark, other sp","landings","29","0","0","0","0","528","222","0","0","75","0","0","854",""
"2010","18_Monthly_landings_Charleston.pdf","Skates and rays","landings","12542","30661","17664","6335","14902","59367","31970","61341","27226","29596","10766","10169","312539",""
"2010","18_Monthly_landings_Charleston.pdf","Sole, curlfin (turbot)","landings","0","0","0","0","8","11","0","20","0","3","0","0","42",""
"2010","18_Monthly_landings_Charleston.pdf","Sole, Dover","landings","265108","319904","329644","112639","67553","286312","153917","291830","177251","153475","140922","214192","2512747",""
"2010","18_Monthly_landings_Charleston.pdf","Sole, English","landings","121","1559","476","0","1214","3359","1419","4524","1000","2853","2349","2726","21600",""
"2010","18_Monthly_landings_Charleston.pdf","Sole, flathead","landings","0","0","0","0","0","20","0","3","0","0","0","0","23",""
"2010","18_Monthly_landings_Charleston.pdf","Sole, petrale","landings","4248","22990","3144","5","13505","24802","14550","37763","12044","31891","10886","66835","242663",""
"2010","18_Monthly_landings_Charleston.pdf","Sole, rex","landings","8770","5458","3752","1156","4387","37386","10791","17585","8338","10708","7450","16346","132127",""
"2010","18_Monthly_landings_Charleston.pdf","Sole, rock","landings","0","0","0","0","192","135","3","0","7","5","0","0","342",""
"2010","18_Monthly_landings_Charleston.pdf","Sole, sand","landings","0","0","0","0","19","37","0","56","0","3","0","0","115",""
"2010","18_Monthly_landings_Charleston.pdf","Sole, slender","landings","0","0","0","0","0","1","1","0","0","0","0","0","2",""
"2010","18_Monthly_landings_Charleston.pdf","Sunfish..ocean........","landings","CHECK","CHECK","CHECK","CHECK","CHECK","CHECK","CHECK","CHECK","CHECK","CHECK","CHECK","CHECK","CHECK","CHECK"
"2010","18_Monthly_landings_Charleston.pdf","Tuna, albacore","landings","0","0","0","0","0","0","434466","773842","756147","355483","42556","02362494","","CHECK"
"2010","18_Monthly_landings_Charleston.pdf","Whiting, Pac (hake)","landings","159","78","106","1","0","1494842","1365461","1092","31","529054","148","5053391477","","CHECK"
"2010","18_Monthly_landings_Charleston.pdf","Wolf-eel","landings","10","0","0","0","0","0","0","0","0","0","0","010","","CHECK"
"2010","18_Monthly_landings_Charleston.pdf","Wrymouth, giant","landings","0","0","0","0","0","7","0","0","0","23","0","030","","CHECK"
"2010","18_Monthly_landings_Charleston.pdf","CRUSTACEANS:","landings",NA,NA,NA,NA,NA,NA,NA,NA,NA,NA,NA,"","","CHECK"
"2010","18_Monthly_landings_Charleston.pdf","Crab, Dungeness bay","landings","0","0","0","0","0","0","0","753","651","1004","5023","2017632","","CHECK"
"2010","18_Monthly_landings_Charleston.pdf","Crab, Dungeness ocean","landings","1781606","364456","183488","140784","58949","51545","18658","13361","0","976","3123","20591384676084","","CHECK"
"2010","18_Monthly_landings_Charleston.pdf","Crab, rock","landings","0","0","0","0","0","0","0","0","0","0","50","050","","CHECK"
"2010","18_Monthly_landings_Charleston.pdf","Shrimp, ghost","landings","803","782","825","747","1373","1839","1585","804","621","952","654","68711672","","CHECK"
"2010","18_Monthly_landings_Charleston.pdf","Shrimp, mud","landings","0","0","0","0","0","8","0","0","0","0","0","08","","CHECK"
"2010","18_Monthly_landings_Charleston.pdf","Shrimp, pink","landings","0","0","0","1670713","4120245","3559245","2516296","3958803","3347908","2455927","0","0  21629137","","CHECK"
"2010","18_Monthly_landings_Charleston.pdf","Shrimp, spot","landings","0","0","27","1250","4156","3561","1377","364","3589","3110","1810","019244","","CHECK"
"2010","18_Monthly_landings_Charleston.pdf","MOLLUSKS:","landings",NA,NA,NA,NA,NA,NA,NA,NA,NA,NA,NA,"","","CHECK"
"2010","18_Monthly_landings_Charleston.pdf","Clams, butter","landings","0","0","219","130","432","0","0","0","0","30","30","2521093","","CHECK"
"2010","18_Monthly_landings_Charleston.pdf","Clams, cockle","landings","0","83","391","1727","2250","513","0","0","265","576","960","20938858","","CHECK"
"2010","18_Monthly_landings_Charleston.pdf","Clams, gaper","landings","0","419","0","0","0","0","0","0","0","0","290","6581367","","CHECK"
"2010","18_Monthly_landings_Charleston.pdf","Mussels, ocean","landings","0","0","152","0","0","0","0","0","0","0","0","0152","","CHECK"
"2010","18_Monthly_landings_Charleston.pdf","Octopus","landings","90","0","0","38","40","44","36","65","0","0","0","37350","","CHECK"
"2010","18_Monthly_landings_Charleston.pdf","Squid, Market","landings","0","0","0","0","0","23","0","0","0","0","0","023","","CHECK"
"2010","18_Monthly_landings_Charleston.pdf","Squid, other sp","landings","0","0","40","0","0","120","95","0","0","30","4","2291","","CHECK"
"2010","18_Monthly_landings_Charleston.pdf","OTHER INVERTEBRATES:","landings",NA,NA,NA,NA,NA,NA,NA,NA,NA,NA,NA,"","","CHECK"
"2010","18_Monthly_landings_Charleston.pdf","Sea urchin, red","landings","0","0","0","0","0","0","0","0","1398","0","0","01398","","CHECK"
"2010","19_Monthly_landings_Bandon.pdf","Cabezon...............","landings","CHECK","CHECK","CHECK","CHECK","CHECK","CHECK","CHECK","CHECK","CHECK","CHECK","CHECK","CHECK","CHECK","CHECK"
"2010","19_Monthly_landings_Bandon.pdf","Greenling sp","landings","0","0","0","0","0","184","161","217","260","128","44","0","994",""
"2010","19_Monthly_landings_Bandon.pdf","Lingcod","landings","0","0","0","0","0","523","160","818","718","375","61","0","2655",""
"2010","19_Monthly_landings_Bandon.pdf","Rockfish, black","landings","0","18","0","0","0","1304","1912","1531","1307","1269","51","34","7426",""
"2010","19_Monthly_landings_Bandon.pdf","Rockfish, blue","landings","0","0","0","0","0","0","0","0","0","0","0","30","30",""
"2010","19_Monthly_landings_Bandon.pdf","Rockfish, china","landings","0","0","0","0","0","52","62","70","96","41","15","0","336",""
"2010","19_Monthly_landings_Bandon.pdf","Rockfish, copper","landings","0","0","0","0","0","3","0","84","120","0","0","0","207",""
"2010","19_Monthly_landings_Bandon.pdf","Rockfish, quillback","landings","0","0","0","0","0","0","0","153","432","12","1","0","598",""
"2010","19_Monthly_landings_Bandon.pdf","Rockfish, tiger","landings","0","0","0","0","0","0","2","31","13","0","0","0","46",""
"2010","19_Monthly_landings_Bandon.pdf","Rockfish, vermillion","landings","0","0","0","0","0","12","16","138","237","0","0","0","403",""
"2010","19_Monthly_landings_Bandon.pdf","Rockfish, yellowtail","landings","0","0","0","0","0","0","6","6","0","0","0","1","13",""
"2010","19_Monthly_landings_Bandon.pdf","Salmon, chinook","landings","0","0","0","0","0","0","0","13","0","0","0","0","13",""
"2010","19_Monthly_landings_Bandon.pdf","CRUSTACEANS:","landings",NA,NA,NA,NA,NA,NA,NA,NA,NA,NA,NA,NA,NA,""
"2010","19_Monthly_landings_Bandon.pdf","Crab, Dungeness bay","landings","0","0","0","0","0","0","0","0","841","404","78","20","1343",""
"2010","20_Monthly_landings_Port_Orford.pdf","Cabezon...............","landings","CHECK","CHECK","CHECK","CHECK","CHECK","CHECK","CHECK","CHECK","CHECK","CHECK","CHECK","CHECK","CHECK","CHECK"
"2010","20_Monthly_landings_Port_Orford.pdf","Flounder, arrowtooth","landings","8","6","0","22","156","266","229","533","986","94","97","5","2402",""
"2010","20_Monthly_landings_Port_Orford.pdf","Greenling sp","landings","2306","1897","1633","2595","4384","2824","2307","2013","3501","1948","1541","1623","28572",""
"2010","20_Monthly_landings_Port_Orford.pdf","Greenling, kelp","landings","0","0","0","0","0","0","1","0","2","0","0","0","3",""
"2010","20_Monthly_landings_Port_Orford.pdf","Halibut, Pacific","landings","0","0","0","0","0","12967","3802","0","0","0","0","0","16769",""
"2010","20_Monthly_landings_Port_Orford.pdf","Lingcod","landings","0","1","0","4","7166","7482","4241","4076","6703","5804","4088","0","39565",""
"2010","20_Monthly_landings_Port_Orford.pdf","Pacific Ocean perch","landings","0","0","0","2","12","21","24","127","209","24","22","12","453",""
"2010","20_Monthly_landings_Port_Orford.pdf","Rockfish, black","landings","5828","2611","4387","9713","16533","11448","11502","12525","9232","10408","5739","5154","105080",""
"2010","20_Monthly_landings_Port_Orford.pdf","Rockfish, black&yellow","landings","0","0","0","2","2","0","0","28","3","0","0","0","35",""
"2010","20_Monthly_landings_Port_Orford.pdf","Rockfish, blue","landings","365","294","133","485","310","353","172","199","1958","2543","610","725","8147",""
"2010","20_Monthly_landings_Port_Orford.pdf","Rockfish, brown","landings","0","0","0","0","0","0","0","0","8","0","0","0","8",""
"2010","20_Monthly_landings_Port_Orford.pdf","Rockfish, china","landings","553","375","362","356","1093","2117","1704","1598","2506","1162","680","562","13068",""
"2010","20_Monthly_landings_Port_Orford.pdf","Rockfish, copper","landings","71","29","6","81","154","303","194","275","573","191","75","56","2008",""
"2010","20_Monthly_landings_Port_Orford.pdf","Rockfish, darkblotched","landings","32","0","9","763","3171","4425","1141","2966","2404","719","444","24","16098",""
"2010","20_Monthly_landings_Port_Orford.pdf","Rockfish, Gopher","landings","3","9","0","2","2","13","5","12","8","2","6","1","63",""
"2010","20_Monthly_landings_Port_Orford.pdf","Rockfish, grass","landings","14","3","0","7","3","0","0","4","0","6","3","3","43",""
"2010","20_Monthly_landings_Port_Orford.pdf","Rockfish, quillback","landings","58","51","10","67","228","415","345","518","1217","278","296","221","3704",""
"2010","20_Monthly_landings_Port_Orford.pdf","Rockfish, tiger","landings","9","17","4","2","19","78","57","62","132","118","63","11","572",""
"2010","20_Monthly_landings_Port_Orford.pdf","Rockfish, vermillion","landings","258","82","68","173","395","879","509","392","819","468","178","179","4400",""
"2010","20_Monthly_landings_Port_Orford.pdf","Rockfish, widow","landings","0","0","0","4","3","8","0","1","0","0","0","0","16",""
"2010","20_Monthly_landings_Port_Orford.pdf","Rockfish, yellowtail","landings","8","10","1","8","16","45","33","109","44","150","104","24","552",""
"2010","20_Monthly_landings_Port_Orford.pdf","Rockfish, Shelf","landings","0","0","0","2","8","131","125","10","21","2","0","0","299",""
"2010","20_Monthly_landings_Port_Orford.pdf","Rockfish, Slope","landings","859","10","23","919","3880","2110","2601","1969","3459","472","1340","840","18482",""
"2010","20_Monthly_landings_Port_Orford.pdf","Thornyhead, shortspine","landings","113","0","9","122","79","37","26","31","44","39","125","10","635",""
"2010","20_Monthly_landings_Port_Orford.pdf","Sablefish","landings","18404","874","12571","51997","94067","93005","52808","60168","60030","11066","31583","12106","498679",""
"2010","20_Monthly_landings_Port_Orford.pdf","Salmon, chinook","landings","0","0","0","1134","1935","630","0","116","0","15724","26533","0","46072",""
"2010","20_Monthly_landings_Port_Orford.pdf","Shark, spiny dogfish","landings","50","0","4","918","649","613","70","399","439","243","798","1123","5306",""
"2010","20_Monthly_landings_Port_Orford.pdf","Skates and rays","landings","460","94","54","907","1234","1699","970","1940","1406","339","312","66","9481",""
"2010","20_Monthly_landings_Port_Orford.pdf","Sole, Dover","landings","21","4","7","67","80","165","48","131","115","8","56","30","732",""
"2010","20_Monthly_landings_Port_Orford.pdf","Sole, petrale","landings","0","0","0","4","1","12","11","3","0","0","10","0","41",""
"2010","20_Monthly_landings_Port_Orford.pdf","Tuna, albacore","landings","0","0","0","0","0","0","4542","30570","2214","0","0","0","37326",""
"2010","20_Monthly_landings_Port_Orford.pdf","Whiting, Pac (hake)","landings","0","0","0","0","14","0","0","0","0","0","0","0","14",""
"2010","20_Monthly_landings_Port_Orford.pdf","CRUSTACEANS:","landings",NA,NA,NA,NA,NA,NA,NA,NA,NA,NA,NA,NA,NA,""
"2010","20_Monthly_landings_Port_Orford.pdf","Crab, Dungeness bay","landings","0","0","0","0","0","0","0","0","0","453","44","0","497",""
"2010","20_Monthly_landings_Port_Orford.pdf","Crab, Dungeness ocean","landings","514283","166057","54511","52111","36589","24847","16340","8195","0","680","881","303549","1178043",""
"2010","20_Monthly_landings_Port_Orford.pdf","MOLLUSKS:","landings",NA,NA,NA,NA,NA,NA,NA,NA,NA,NA,NA,NA,NA,""
"2010","20_Monthly_landings_Port_Orford.pdf","Octopus","landings","321","131","312","305","90","39","157","0","0","0","0","0","1355",""
"2010","20_Monthly_landings_Port_Orford.pdf","Squid, other sp","landings","0","0","0","0","0","0","43","0","0","0","0","0","43",""
"2010","20_Monthly_landings_Port_Orford.pdf","OTHER INVERTEBRATES:","landings",NA,NA,NA,NA,NA,NA,NA,NA,NA,NA,NA,NA,NA,""
"2010","20_Monthly_landings_Port_Orford.pdf","Sea urchin, red","landings","24775","52963","25340","41027","27459","16100","1561","0","0","7868","45796","66406","309295",""
"2010","21_Monthly_landings_Gold_Beach.pdf","Cabezon...............","landings","CHECK","CHECK","CHECK","CHECK","CHECK","CHECK","CHECK","CHECK","CHECK","CHECK","CHECK","CHECK","CHECK","CHECK"
"2010","21_Monthly_landings_Gold_Beach.pdf","Greenling sp","landings","317","608","42","1068","1344","865","1707","1294","1840","1152","45","2073","12355",""
"2010","21_Monthly_landings_Gold_Beach.pdf","Lingcod","landings","0","0","0","0","1858","2005","2022","2295","1322","2857","46","0","12405",""
"2010","21_Monthly_landings_Gold_Beach.pdf","Rockfish, black","landings","125","489","84","1076","5015","9716","11184","6064","3291","4308","12","2728","44092",""
"2010","21_Monthly_landings_Gold_Beach.pdf","Rockfish, black&yellow","landings","0","0","0","0","0","0","4","0","0","0","0","0","4",""
"2010","21_Monthly_landings_Gold_Beach.pdf","Rockfish, blue","landings","8","12","0","22","47","147","283","126","551","2201","39","248","3684",""
"2010","21_Monthly_landings_Gold_Beach.pdf","Rockfish, china","landings","78","62","14","92","262","363","341","728","469","731","4","336","3480",""
"2010","21_Monthly_landings_Gold_Beach.pdf","Rockfish, copper","landings","0","2","0","0","15","20","15","46","23","50","3","12","186",""
"2010","21_Monthly_landings_Gold_Beach.pdf","Rockfish, Gopher","landings","2","6","0","8","6","4","8","5","2","4","0","4","49",""
"2010","21_Monthly_landings_Gold_Beach.pdf","Rockfish, grass","landings","0","0","0","0","0","4","0","3","0","0","0","4","11",""
"2010","21_Monthly_landings_Gold_Beach.pdf","Rockfish, quillback","landings","0","2","0","3","9","9","16","56","20","27","0","9","151",""
"2010","21_Monthly_landings_Gold_Beach.pdf","Rockfish, Olive","landings","0","0","0","0","0","0","4","0","2","0","0","0","6",""
"2010","21_Monthly_landings_Gold_Beach.pdf","Rockfish, tiger","landings","0","0","0","0","0","0","0","2","0","0","0","3","5",""
"2010","21_Monthly_landings_Gold_Beach.pdf","Rockfish, vermillion","landings","24","5","0","73","241","123","127","202","75","276","8","108","1262",""
"2010","21_Monthly_landings_Gold_Beach.pdf","Rockfish, yellowtail","landings","0","0","0","1","7","0","1","14","3","6","0","0","32",""
"2010","21_Monthly_landings_Gold_Beach.pdf","Salmon, chinook","landings","0","0","0","140","183","0","138","172","0","0","0","0","633",""
"2010","21_Monthly_landings_Gold_Beach.pdf","Tuna, albacore","landings","0","0","0","0","0","0","0","2430","649","0","0","0","3079",""
"2010","21_Monthly_landings_Gold_Beach.pdf","CRUSTACEANS:","landings",NA,NA,NA,NA,NA,NA,NA,NA,NA,NA,NA,NA,NA,""
"2010","21_Monthly_landings_Gold_Beach.pdf","Crab, Dungeness ocean","landings","0","1668","1813","4483","5499","2719","828","324","0","0","0","0","17334",""
"2010","21_Monthly_landings_Gold_Beach.pdf","OTHER INVERTEBRATES:","landings",NA,NA,NA,NA,NA,NA,NA,NA,NA,NA,NA,NA,NA,""
"2010","21_Monthly_landings_Gold_Beach.pdf","Sea urchin, red","landings","0","1683","0","2949","5872","8357","32141","80657","65217","58666","0","0","255542",""
"2010","22_Monthly_landings_Brookings.pdf","Shark..Brown.Cat......","landings","CHECK","CHECK","CHECK","CHECK","CHECK","CHECK","CHECK","CHECK","CHECK","CHECK","CHECK","CHECK","CHECK","CHECK"
"2010","22_Monthly_landings_Brookings.pdf","Cabezon","landings","18","220","47","170","302","273","219","292","276","120","40","272","2249",""
"2010","22_Monthly_landings_Brookings.pdf","Flounder, arrowtooth","landings","3315","13362","6574","9587","16906","17537","1095","8881","3342","1051","5645","15443","102738",""
"2010","22_Monthly_landings_Brookings.pdf","Greenling sp","landings","16","408","2","668","487","369","206","259","510","70","79","341","3415",""
"2010","22_Monthly_landings_Brookings.pdf","Grenadier, Pacific","landings","684","4198","727","5402","10121","1091","0","0","41","2488","0","6068","30820",""
"2010","22_Monthly_landings_Brookings.pdf","Halibut, Pacific","landings","0","0","0","0","0","0","0","1229","0","0","0","0","1229",""
"2010","22_Monthly_landings_Brookings.pdf","Irish Lord, red","landings","2","0","0","0","0","0","0","0","0","0","0","0","2",""
"2010","22_Monthly_landings_Brookings.pdf","Lingcod","landings","0","37","69","0","960","1064","613","588","591","415","88","15","4440",""
"2010","22_Monthly_landings_Brookings.pdf","Ratfish","landings","5","0","0","0","0","0","0","0","0","0","0","0","5",""
"2010","22_Monthly_landings_Brookings.pdf","Pacific Ocean perch","landings","5","91","13","2","24","27","0","3","1","0","7","47","220",""
"2010","22_Monthly_landings_Brookings.pdf","Rockfish, black","landings","67","1102","148","2958","2865","1841","1512","1381","2399","834","149","492","15748",""
"2010","22_Monthly_landings_Brookings.pdf","Rockfish, black&yellow","landings","0","0","0","0","0","0","0","2","8","0","0","0","10",""
"2010","22_Monthly_landings_Brookings.pdf","Rockfish, blue","landings","10","70","0","15","16","46","2","34","31","241","0","21","486",""
"2010","22_Monthly_landings_Brookings.pdf","Rockfish, china","landings","3","91","0","90","51","139","20","11","68","47","10","42","572",""
"2010","22_Monthly_landings_Brookings.pdf","Rockfish, copper","landings","0","2","3","0","4","4","0","0","0","0","0","0","13",""
"2010","22_Monthly_landings_Brookings.pdf","Rockfish, darkblotched","landings","249","6001","1086","25","247","679","8","33","5","0","16","2976","11325",""
"2010","22_Monthly_landings_Brookings.pdf","Rockfish, Gopher","landings","0","0","0","2","0","5","4","0","1","0","0","2","14",""
"2010","22_Monthly_landings_Brookings.pdf","Rockfish, grass","landings","0","0","0","0","3","20","42","20","43","20","3","4","155",""
"2010","22_Monthly_landings_Brookings.pdf","Rockfish, Olive","landings","0","0","0","0","0","0","0","0","0","2","2","0","4",""
"2010","22_Monthly_landings_Brookings.pdf","Rockfish, tiger","landings","0","0","5","0","0","0","0","0","0","0","0","0","5",""
"2010","22_Monthly_landings_Brookings.pdf","Rockfish, vermillion","landings","0","35","0","26","67","22","17","0","0","12","0","0","179",""
"2010","22_Monthly_landings_Brookings.pdf","Rockfish, yelloweye","landings","0","0","0","0","0","0","0","41","0","0","0","0","41",""
"2010","22_Monthly_landings_Brookings.pdf","Rockfish, yellowtail","landings","0","0","0","6","0","0","0","0","0","0","0","0","6",""
"2010","22_Monthly_landings_Brookings.pdf","Rockfish, Shelf","landings","0","0","0","1","0","3","0","1","0","0","0","0","5",""
"2010","22_Monthly_landings_Brookings.pdf","Rockfish, Slope","landings","31","718","120","73","1563","2435","180","219","236","45","145","595","6360",""
"2010","22_Monthly_landings_Brookings.pdf","Thornyhead, longspine","landings","8782","36720","40802","23713","10678","23418","4609","23","12283","5513","0","9799","176340",""
"2010","22_Monthly_landings_Brookings.pdf","Thornyhead, shortspine","landings","3617","10378","7431","13077","12744","13135","2746","8147","2665","3050","908","13524","91422",""
"2010","22_Monthly_landings_Brookings.pdf","Sablefish","landings","11162","30386","31169","33538","45750","56869","29684","36092","18609","21683","4335","65563","384840",""
"2010","22_Monthly_landings_Brookings.pdf","Salmon, chinook","landings","0","0","0","0","9101","3631","387","5397","0","2392","0","0","20908",""
"2010","22_Monthly_landings_Brookings.pdf","Sculpin, other sp","landings","1","0","0","0","0","0","0","0","0","0","0","0","1",""
"2010","22_Monthly_landings_Brookings.pdf","Shark, spiny dogfish","landings","12","11","0","0","0","0","0","0","0","0","0","0","23",""
"2010","22_Monthly_landings_Brookings.pdf","Shark, other sp","landings","2","0","0","0","0","0","0","0","0","0","0","0","2",""
"2010","22_Monthly_landings_Brookings.pdf","Skates and rays","landings","1708","4128","2619","21241","10163","15091","1202","5203","2820","1144","5117","8307","78743",""
"2010","22_Monthly_landings_Brookings.pdf","Sole, deepsea","landings","49","340","22","32","210","129","44","15","22","5","0","89","957",""
"2010","22_Monthly_landings_Brookings.pdf","Sole, Dover","landings","52703","143518","102918","236781","159537","159850","26254","88524","57800","28092","30922","112451","1199350",""
"2010","22_Monthly_landings_Brookings.pdf","Sole, English","landings","61","612","881","4","11","363","215","203","2","3","0","206","2561",""
"2010","22_Monthly_landings_Brookings.pdf","Sole, petrale","landings","10782","37939","11127","1084","195","186","18","29","89","15","3491","17392","82347",""
"2010","22_Monthly_landings_Brookings.pdf","Sole, rex","landings","1447","7517","5782","5233","16810","20768","1356","6561","3328","877","1793","8203","79675",""
"2010","22_Monthly_landings_Brookings.pdf","Sole, miscellaneous","landings","3","0","0","0","0","0","0","0","0","0","0","0","3",""
"2010","22_Monthly_landings_Brookings.pdf","Tuna, albacore","landings","0","0","0","0","0","0","637","48000","12476","651","0","0","61764",""
"2010","22_Monthly_landings_Brookings.pdf","Whiting, Pac (hake)","landings","2","16","5","6","28","15","0","13","26","0","0","40","151",""
"2010","22_Monthly_landings_Brookings.pdf","Miscellaneous","landings","0","50","0","0","0","0","0","0","0","0","0","0","50",""
"2010","22_Monthly_landings_Brookings.pdf","CRUSTACEANS:","landings",NA,NA,NA,NA,NA,NA,NA,NA,NA,NA,NA,NA,NA,""
"2010","22_Monthly_landings_Brookings.pdf","Crab, Dungeness ocean","landings","601835","76193","50927","47853","11616","9356","2675","0","0","801","2440","0","803696",""
"2010","22_Monthly_landings_Brookings.pdf","Crab, Tanner","landings","5","0","0","0","0","0","0","0","0","0","0","0","5",""
"2010","22_Monthly_landings_Brookings.pdf","Shrimp, pink","landings","0","0","0","268398","86134","349238","420313","373675","402253","491584","0","0","2391595",""
