"year","filename","region","species","landings_n"
2000,"landings00_cpfv1.pdf","All","Barracuda, California",256921
2000,"landings00_cpfv1.pdf","All","Bass, barred sand",737610
2000,"landings00_cpfv1.pdf","All","Bass, giant (black) sea",1
2000,"landings00_cpfv1.pdf","All","Bass, kelp (calico)",277206
2000,"landings00_cpfv1.pdf","All","Bass, striped",18501
2000,"landings00_cpfv1.pdf","All","Bonito, Pacific",44610
2000,"landings00_cpfv1.pdf","All","Cabezon",3417
2000,"landings00_cpfv1.pdf","All","Croaker, unspecified",425
2000,"landings00_cpfv1.pdf","All","Croaker, white",7421
2000,"landings00_cpfv1.pdf","All","Dolphinfish",16468
2000,"landings00_cpfv1.pdf","All","Fishes, unspecified",6973
2000,"landings00_cpfv1.pdf","All","Flatfishes, unspecified",99672
2000,"landings00_cpfv1.pdf","All","Greenling, kelp",387
2000,"landings00_cpfv1.pdf","All","Halfmoon",32399
2000,"landings00_cpfv1.pdf","All","Halibut, California",15865
2000,"landings00_cpfv1.pdf","All","Invertebrates, unspecified",58405
2000,"landings00_cpfv1.pdf","All","Lingcod",10699
2000,"landings00_cpfv1.pdf","All","Mackerel, jack",6370
2000,"landings00_cpfv1.pdf","All","Mackerel, Pacific",112078
2000,"landings00_cpfv1.pdf","All","Marlin, striped",3
2000,"landings00_cpfv1.pdf","All","Rockfish, blue",19
2000,"landings00_cpfv1.pdf","All","Rockfish, gopher",3
2000,"landings00_cpfv1.pdf","All","Rockfishes, unspecified",791992
2000,"landings00_cpfv1.pdf","All","Salmon, king (Chinook)",76781
2000,"landings00_cpfv1.pdf","All","Salmon, unspecified",35
2000,"landings00_cpfv1.pdf","All","Sanddab",5611
2000,"landings00_cpfv1.pdf","All","Scorpionfish, California",169417
2000,"landings00_cpfv1.pdf","All","Seabass, white",17498
2000,"landings00_cpfv1.pdf","All","Shark, blue",217
2000,"landings00_cpfv1.pdf","All","Shark, bonito (mako)",206
2000,"landings00_cpfv1.pdf","All","Shark, leopard",345
2000,"landings00_cpfv1.pdf","All","Shark, unspecified",685
2000,"landings00_cpfv1.pdf","All","Sheephead, California",32686
2000,"landings00_cpfv1.pdf","All","Sturgeon, unspecified",339
2000,"landings00_cpfv1.pdf","All","Tuna, albacore",127677
2000,"landings00_cpfv1.pdf","All","Tuna, bluefin",20715
2000,"landings00_cpfv1.pdf","All","Tuna, skipjack",3030
2000,"landings00_cpfv1.pdf","All","Tuna, yellowfin",88613
2000,"landings00_cpfv1.pdf","All","Wahoo",5095
2000,"landings00_cpfv1.pdf","All","Whitefish, ocean",144060
2000,"landings00_cpfv1.pdf","All","Yellowtail",105968
2000,"landings00_cpfv1.pdf","Mexico","Barracuda, California",10702
2000,"landings00_cpfv1.pdf","Mexico","Bass, barred sand",18852
2000,"landings00_cpfv1.pdf","Mexico","Bass, giant (black) sea",1
2000,"landings00_cpfv1.pdf","Mexico","Bass, kelp (calico)",9987
2000,"landings00_cpfv1.pdf","Mexico","Bass, striped",0
2000,"landings00_cpfv1.pdf","Mexico","Bonito, Pacific",4691
2000,"landings00_cpfv1.pdf","Mexico","Cabezon",26
2000,"landings00_cpfv1.pdf","Mexico","Croaker, unspecified",0
2000,"landings00_cpfv1.pdf","Mexico","Croaker, white",31
2000,"landings00_cpfv1.pdf","Mexico","Dolphinfish",12101
2000,"landings00_cpfv1.pdf","Mexico","Fishes, unspecified",630
2000,"landings00_cpfv1.pdf","Mexico","Flatfishes, unspecified",249
2000,"landings00_cpfv1.pdf","Mexico","Greenling, kelp",0
2000,"landings00_cpfv1.pdf","Mexico","Halfmoon",6
2000,"landings00_cpfv1.pdf","Mexico","Halibut, California",48
2000,"landings00_cpfv1.pdf","Mexico","Invertebrates, unspecified",135
2000,"landings00_cpfv1.pdf","Mexico","Lingcod",149
2000,"landings00_cpfv1.pdf","Mexico","Mackerel, jack",213
2000,"landings00_cpfv1.pdf","Mexico","Mackerel, Pacific",245
2000,"landings00_cpfv1.pdf","Mexico","Marlin, striped",1
2000,"landings00_cpfv1.pdf","Mexico","Rockfish, blue",0
2000,"landings00_cpfv1.pdf","Mexico","Rockfish, gopher",0
2000,"landings00_cpfv1.pdf","Mexico","Rockfishes, unspecified",17790
2000,"landings00_cpfv1.pdf","Mexico","Salmon, king (Chinook)",4
2000,"landings00_cpfv1.pdf","Mexico","Salmon, unspecified",0
2000,"landings00_cpfv1.pdf","Mexico","Sanddab",30
2000,"landings00_cpfv1.pdf","Mexico","Scorpionfish, California",5981
2000,"landings00_cpfv1.pdf","Mexico","Seabass, white",104
2000,"landings00_cpfv1.pdf","Mexico","Shark, blue",9
2000,"landings00_cpfv1.pdf","Mexico","Shark, bonito (mako)",36
2000,"landings00_cpfv1.pdf","Mexico","Shark, leopard",0
2000,"landings00_cpfv1.pdf","Mexico","Shark, unspecified",1
2000,"landings00_cpfv1.pdf","Mexico","Sheephead, California",966
2000,"landings00_cpfv1.pdf","Mexico","Sturgeon, unspecified",0
2000,"landings00_cpfv1.pdf","Mexico","Tuna, albacore",104763
2000,"landings00_cpfv1.pdf","Mexico","Tuna, bluefin",19045
2000,"landings00_cpfv1.pdf","Mexico","Tuna, skipjack",2840
2000,"landings00_cpfv1.pdf","Mexico","Tuna, yellowfin",75680
2000,"landings00_cpfv1.pdf","Mexico","Wahoo",5080
2000,"landings00_cpfv1.pdf","Mexico","Whitefish, ocean",13906
2000,"landings00_cpfv1.pdf","Mexico","Yellowtail",73178
2001,"landings01_cpfv1.pdf","All","Barracuda, California",266660
2001,"landings01_cpfv1.pdf","All","Bass, barred sand",596510
2001,"landings01_cpfv1.pdf","All","Bass, giant (black) sea",72
2001,"landings01_cpfv1.pdf","All","Bass, kelp (calico)",304024
2001,"landings01_cpfv1.pdf","All","Bass, striped",10874
2001,"landings01_cpfv1.pdf","All","Blacksmith",1905
2001,"landings01_cpfv1.pdf","All","Bonito, Pacific",17215
2001,"landings01_cpfv1.pdf","All","Cabezon",6431
2001,"landings01_cpfv1.pdf","All","Croaker, unspecified",760
2001,"landings01_cpfv1.pdf","All","Croaker, white",4737
2001,"landings01_cpfv1.pdf","All","Dolphinfish",3796
2001,"landings01_cpfv1.pdf","All","Fishes, unspecified (jumbo squid included)",9548
2001,"landings01_cpfv1.pdf","All","Flatfishes, unspecified",134574
2001,"landings01_cpfv1.pdf","All","Halfmoon",97407
2001,"landings01_cpfv1.pdf","All","Halibut, California",20600
2001,"landings01_cpfv1.pdf","All","Invertebrates, unspecified",48237
2001,"landings01_cpfv1.pdf","All","Lingcod",11378
2001,"landings01_cpfv1.pdf","All","Mackerel, jack",5492
2001,"landings01_cpfv1.pdf","All","Mackerel, Pacific",108785
2001,"landings01_cpfv1.pdf","All","Marlin, striped",0
2001,"landings01_cpfv1.pdf","All","Queenfish",0
2001,"landings01_cpfv1.pdf","All","Rockfishes, unspecified",759818
2001,"landings01_cpfv1.pdf","All","Salmon, king (Chinook)",43314
2001,"landings01_cpfv1.pdf","All","Salmon, silver (coho)",20
2001,"landings01_cpfv1.pdf","All","Salmon, unspecified",1630
2001,"landings01_cpfv1.pdf","All","Scorpionfish, California",161104
2001,"landings01_cpfv1.pdf","All","Seabass, white",10342
2001,"landings01_cpfv1.pdf","All","Shark, blue",212
2001,"landings01_cpfv1.pdf","All","Shark, bonito (mako)",237
2001,"landings01_cpfv1.pdf","All","Shark, leopard",381
2001,"landings01_cpfv1.pdf","All","Shark, sevengill",19
2001,"landings01_cpfv1.pdf","All","Shark, unspecified",481
2001,"landings01_cpfv1.pdf","All","Sheephead, California",39154
2001,"landings01_cpfv1.pdf","All","Sturgeon, unspecified",205
2001,"landings01_cpfv1.pdf","All","Tuna, albacore",236819
2001,"landings01_cpfv1.pdf","All","Tuna, bluefin",20985
2001,"landings01_cpfv1.pdf","All","Tuna, skipjack",8653
2001,"landings01_cpfv1.pdf","All","Tuna, yellowfin",31054
2001,"landings01_cpfv1.pdf","All","Wahoo",3732
2001,"landings01_cpfv1.pdf","All","Whitefish, ocean",138149
2001,"landings01_cpfv1.pdf","All","Yellowtail",79130
2001,"landings01_cpfv1.pdf","Mexico","Barracuda, California",13370
2001,"landings01_cpfv1.pdf","Mexico","Bass, barred sand",16775
2001,"landings01_cpfv1.pdf","Mexico","Bass, giant (black) sea",0
2001,"landings01_cpfv1.pdf","Mexico","Bass, kelp (calico)",13042
2001,"landings01_cpfv1.pdf","Mexico","Bass, striped",0
2001,"landings01_cpfv1.pdf","Mexico","Blacksmith",0
2001,"landings01_cpfv1.pdf","Mexico","Bonito, Pacific",2454
2001,"landings01_cpfv1.pdf","Mexico","Cabezon",47
2001,"landings01_cpfv1.pdf","Mexico","Croaker, unspecified",0
2001,"landings01_cpfv1.pdf","Mexico","Croaker, white",82
2001,"landings01_cpfv1.pdf","Mexico","Dolphinfish",2799
2001,"landings01_cpfv1.pdf","Mexico","Fishes, unspecified (jumbo squid included)",182
2001,"landings01_cpfv1.pdf","Mexico","Flatfishes, unspecified",61
2001,"landings01_cpfv1.pdf","Mexico","Halfmoon",22
2001,"landings01_cpfv1.pdf","Mexico","Halibut, California",155
2001,"landings01_cpfv1.pdf","Mexico","Invertebrates, unspecified",0
2001,"landings01_cpfv1.pdf","Mexico","Lingcod",575
2001,"landings01_cpfv1.pdf","Mexico","Mackerel, jack",894
2001,"landings01_cpfv1.pdf","Mexico","Mackerel, Pacific",454
2001,"landings01_cpfv1.pdf","Mexico","Marlin, striped",0
2001,"landings01_cpfv1.pdf","Mexico","Queenfish",0
2001,"landings01_cpfv1.pdf","Mexico","Rockfishes, unspecified",20260
2001,"landings01_cpfv1.pdf","Mexico","Salmon, king (Chinook)",0
2001,"landings01_cpfv1.pdf","Mexico","Salmon, silver (coho)",0
2001,"landings01_cpfv1.pdf","Mexico","Salmon, unspecified",0
2001,"landings01_cpfv1.pdf","Mexico","Scorpionfish, California",7184
2001,"landings01_cpfv1.pdf","Mexico","Seabass, white",85
2001,"landings01_cpfv1.pdf","Mexico","Shark, blue",72
2001,"landings01_cpfv1.pdf","Mexico","Shark, bonito (mako)",45
2001,"landings01_cpfv1.pdf","Mexico","Shark, leopard",0
2001,"landings01_cpfv1.pdf","Mexico","Shark, sevengill",0
2001,"landings01_cpfv1.pdf","Mexico","Shark, unspecified",47
2001,"landings01_cpfv1.pdf","Mexico","Sheephead, California",994
2001,"landings01_cpfv1.pdf","Mexico","Sturgeon, unspecified",0
2001,"landings01_cpfv1.pdf","Mexico","Tuna, albacore",140354
2001,"landings01_cpfv1.pdf","Mexico","Tuna, bluefin",14346
2001,"landings01_cpfv1.pdf","Mexico","Tuna, skipjack",4428
2001,"landings01_cpfv1.pdf","Mexico","Tuna, yellowfin",22029
2001,"landings01_cpfv1.pdf","Mexico","Wahoo",2750
2001,"landings01_cpfv1.pdf","Mexico","Whitefish, ocean",12750
2001,"landings01_cpfv1.pdf","Mexico","Yellowtail",49663
2002,"landings02_cpfv1.pdf","All","Barracuda, California",208930
2002,"landings02_cpfv1.pdf","All","Bass, barred sand",629916
2002,"landings02_cpfv1.pdf","All","Bass, giant (black) sea",2
2002,"landings02_cpfv1.pdf","All","Bass, kelp (calico)",234906
2002,"landings02_cpfv1.pdf","All","Bass, striped",6621
2002,"landings02_cpfv1.pdf","All","Bonito, Pacific",7525
2002,"landings02_cpfv1.pdf","All","Cabezon",2040
2002,"landings02_cpfv1.pdf","All","Croaker, unspecified",518
2002,"landings02_cpfv1.pdf","All","Croaker, white",2413
2002,"landings02_cpfv1.pdf","All","Dolphinfish",2705
2002,"landings02_cpfv1.pdf","All","Fishes, unspecified",18925
2002,"landings02_cpfv1.pdf","All","Flatfishes, unspecified",30260
2002,"landings02_cpfv1.pdf","All","Greenling, kelp",886
2002,"landings02_cpfv1.pdf","All","Halfmoon",80563
2002,"landings02_cpfv1.pdf","All","Halibut, California",15413
2002,"landings02_cpfv1.pdf","All","Invertebrates, unspecified",245891
2002,"landings02_cpfv1.pdf","All","Lingcod",37417
2002,"landings02_cpfv1.pdf","All","Mackerel, jack",1014
2002,"landings02_cpfv1.pdf","All","Mackerel, Pacific",69346
2002,"landings02_cpfv1.pdf","All","Marlin, striped",3
2002,"landings02_cpfv1.pdf","All","Rockfish, blue",138790
2002,"landings02_cpfv1.pdf","All","Rockfish, gopher",39640
2002,"landings02_cpfv1.pdf","All","Rockfishes, unspecified",552390
2002,"landings02_cpfv1.pdf","All","Salmon, king (Chinook)",74872
2002,"landings02_cpfv1.pdf","All","Salmon, unspecified",444
2002,"landings02_cpfv1.pdf","All","Sanddab",124706
2002,"landings02_cpfv1.pdf","All","Scorpionfish, California",88385
2002,"landings02_cpfv1.pdf","All","Seabass, white",8585
2002,"landings02_cpfv1.pdf","All","Shark, blue",15
2002,"landings02_cpfv1.pdf","All","Shark, bonito (mako)",213
2002,"landings02_cpfv1.pdf","All","Shark, leopard",256
2002,"landings02_cpfv1.pdf","All","Shark, unspecified",1294
2002,"landings02_cpfv1.pdf","All","Sheephead, California",27364
2002,"landings02_cpfv1.pdf","All","Sturgeon, unspecified",207
2002,"landings02_cpfv1.pdf","All","Tuna, albacore",317865
2002,"landings02_cpfv1.pdf","All","Tuna, bluefin",33316
2002,"landings02_cpfv1.pdf","All","Tuna, skipjack",2967
2002,"landings02_cpfv1.pdf","All","Tuna, yellowfin",18594
2002,"landings02_cpfv1.pdf","All","Wahoo",3012
2002,"landings02_cpfv1.pdf","All","Whitefish, ocean",100223
2002,"landings02_cpfv1.pdf","All","Yellowtail",71294
2002,"landings02_cpfv1.pdf","Mexico","Barracuda, California",16191
2002,"landings02_cpfv1.pdf","Mexico","Bass, barred sand",29651
2002,"landings02_cpfv1.pdf","Mexico","Bass, giant (black) sea",0
2002,"landings02_cpfv1.pdf","Mexico","Bass, kelp (calico)",2025
2002,"landings02_cpfv1.pdf","Mexico","Bass, striped",0
2002,"landings02_cpfv1.pdf","Mexico","Bonito, Pacific",3643
2002,"landings02_cpfv1.pdf","Mexico","Cabezon",41
2002,"landings02_cpfv1.pdf","Mexico","Croaker, unspecified",0
2002,"landings02_cpfv1.pdf","Mexico","Croaker, white",47
2002,"landings02_cpfv1.pdf","Mexico","Dolphinfish",2408
2002,"landings02_cpfv1.pdf","Mexico","Fishes, unspecified",303
2002,"landings02_cpfv1.pdf","Mexico","Flatfishes, unspecified",2
2002,"landings02_cpfv1.pdf","Mexico","Greenling, kelp",0
2002,"landings02_cpfv1.pdf","Mexico","Halfmoon",12
2002,"landings02_cpfv1.pdf","Mexico","Halibut, California",154
2002,"landings02_cpfv1.pdf","Mexico","Invertebrates, unspecified",22
2002,"landings02_cpfv1.pdf","Mexico","Lingcod",3612
2002,"landings02_cpfv1.pdf","Mexico","Mackerel, jack",114
2002,"landings02_cpfv1.pdf","Mexico","Mackerel, Pacific",189
2002,"landings02_cpfv1.pdf","Mexico","Marlin, striped",1
2002,"landings02_cpfv1.pdf","Mexico","Rockfish, blue",10
2002,"landings02_cpfv1.pdf","Mexico","Rockfish, gopher",61
2002,"landings02_cpfv1.pdf","Mexico","Rockfishes, unspecified",21207
2002,"landings02_cpfv1.pdf","Mexico","Salmon, king (Chinook)",1
2002,"landings02_cpfv1.pdf","Mexico","Salmon, unspecified",1
2002,"landings02_cpfv1.pdf","Mexico","Sanddab",12
2002,"landings02_cpfv1.pdf","Mexico","Scorpionfish, California",4564
2002,"landings02_cpfv1.pdf","Mexico","Seabass, white",104
2002,"landings02_cpfv1.pdf","Mexico","Shark, blue",0
2002,"landings02_cpfv1.pdf","Mexico","Shark, bonito (mako)",24
2002,"landings02_cpfv1.pdf","Mexico","Shark, leopard",0
2002,"landings02_cpfv1.pdf","Mexico","Shark, unspecified",3
2002,"landings02_cpfv1.pdf","Mexico","Sheephead, California",681
2002,"landings02_cpfv1.pdf","Mexico","Sturgeon, unspecified",0
2002,"landings02_cpfv1.pdf","Mexico","Tuna, albacore",192940
2002,"landings02_cpfv1.pdf","Mexico","Tuna, bluefin",20030
2002,"landings02_cpfv1.pdf","Mexico","Tuna, skipjack",1113
2002,"landings02_cpfv1.pdf","Mexico","Tuna, yellowfin",18085
2002,"landings02_cpfv1.pdf","Mexico","Wahoo",3012
2002,"landings02_cpfv1.pdf","Mexico","Whitefish, ocean",7558
2002,"landings02_cpfv1.pdf","Mexico","Yellowtail",46485
2003,"landings03_cpfv1.pdf","All","Barracuda, California",114051
2003,"landings03_cpfv1.pdf","All","Bass, barred sand",522330
2003,"landings03_cpfv1.pdf","All","Bass, giant (black) sea",6
2003,"landings03_cpfv1.pdf","All","Bass, kelp (calico)",273459
2003,"landings03_cpfv1.pdf","All","Bass, striped",7942
2003,"landings03_cpfv1.pdf","All","Bonito, Pacific",30098
2003,"landings03_cpfv1.pdf","All","Cabezon",3840
2003,"landings03_cpfv1.pdf","All","Croaker, unspecified",867
2003,"landings03_cpfv1.pdf","All","Croaker, white",3457
2003,"landings03_cpfv1.pdf","All","Dolphinfish",3211
2003,"landings03_cpfv1.pdf","All","Fishes, unspecified",19621
2003,"landings03_cpfv1.pdf","All","Flatfishes, unspecified",20707
2003,"landings03_cpfv1.pdf","All","Greenling, kelp",5207
2003,"landings03_cpfv1.pdf","All","Halfmoon",43392
2003,"landings03_cpfv1.pdf","All","Halibut, California",16337
2003,"landings03_cpfv1.pdf","All","Invertebrates, unspecified",49386
2003,"landings03_cpfv1.pdf","All","Lingcod",44131
2003,"landings03_cpfv1.pdf","All","Mackerel, jack",739
2003,"landings03_cpfv1.pdf","All","Mackerel, Pacific",44597
2003,"landings03_cpfv1.pdf","All","Marlin, striped",4
2003,"landings03_cpfv1.pdf","All","Rockfish, blue",133332
2003,"landings03_cpfv1.pdf","All","Rockfish, gopher",40418
2003,"landings03_cpfv1.pdf","All","Rockfishes, unspecified",423162
2003,"landings03_cpfv1.pdf","All","Salmon, king (Chinook)",42490
2003,"landings03_cpfv1.pdf","All","Salmon, unspecified",102
2003,"landings03_cpfv1.pdf","All","Sanddab",98339
2003,"landings03_cpfv1.pdf","All","Scorpionfish, California",86108
2003,"landings03_cpfv1.pdf","All","Seabass, white",8530
2003,"landings03_cpfv1.pdf","All","Shark, blue",47
2003,"landings03_cpfv1.pdf","All","Shark, bonito (mako)",113
2003,"landings03_cpfv1.pdf","All","Shark, leopard",703
2003,"landings03_cpfv1.pdf","All","Shark, unspecified",396
2003,"landings03_cpfv1.pdf","All","Sheephead, California",20768
2003,"landings03_cpfv1.pdf","All","Sturgeon, unspecified",436
2003,"landings03_cpfv1.pdf","All","Tuna, albacore",249418
2003,"landings03_cpfv1.pdf","All","Tuna, bluefin",22334
2003,"landings03_cpfv1.pdf","All","Tuna, skipjack",32249
2003,"landings03_cpfv1.pdf","All","Tuna, yellowfin",29936
2003,"landings03_cpfv1.pdf","All","Wahoo",4370
2003,"landings03_cpfv1.pdf","All","Whitefish, ocean",46401
2003,"landings03_cpfv1.pdf","All","Yellowtail",77509
2003,"landings03_cpfv1.pdf","Mexico","Barracuda, California",16677
2003,"landings03_cpfv1.pdf","Mexico","Bass, barred sand",35726
2003,"landings03_cpfv1.pdf","Mexico","Bass, giant (black) sea",2
2003,"landings03_cpfv1.pdf","Mexico","Bass, kelp (calico)",10122
2003,"landings03_cpfv1.pdf","Mexico","Bass, striped",0
2003,"landings03_cpfv1.pdf","Mexico","Bonito, Pacific",1136
2003,"landings03_cpfv1.pdf","Mexico","Cabezon",110
2003,"landings03_cpfv1.pdf","Mexico","Croaker, unspecified",0
2003,"landings03_cpfv1.pdf","Mexico","Croaker, white",28
2003,"landings03_cpfv1.pdf","Mexico","Dolphinfish",3137
2003,"landings03_cpfv1.pdf","Mexico","Fishes, unspecified",1036
2003,"landings03_cpfv1.pdf","Mexico","Flatfishes, unspecified",28
2003,"landings03_cpfv1.pdf","Mexico","Greenling, kelp",0
2003,"landings03_cpfv1.pdf","Mexico","Halfmoon",47
2003,"landings03_cpfv1.pdf","Mexico","Halibut, California",119
2003,"landings03_cpfv1.pdf","Mexico","Invertebrates, unspecified",79
2003,"landings03_cpfv1.pdf","Mexico","Lingcod",6025
2003,"landings03_cpfv1.pdf","Mexico","Mackerel, jack",112
2003,"landings03_cpfv1.pdf","Mexico","Mackerel, Pacific",206
2003,"landings03_cpfv1.pdf","Mexico","Marlin, striped",4
2003,"landings03_cpfv1.pdf","Mexico","Rockfish, blue",94
2003,"landings03_cpfv1.pdf","Mexico","Rockfish, gopher",65
2003,"landings03_cpfv1.pdf","Mexico","Rockfishes, unspecified",23224
2003,"landings03_cpfv1.pdf","Mexico","Salmon, king (Chinook)",0
2003,"landings03_cpfv1.pdf","Mexico","Salmon, unspecified",1
2003,"landings03_cpfv1.pdf","Mexico","Sanddab",75
2003,"landings03_cpfv1.pdf","Mexico","Scorpionfish, California",11065
2003,"landings03_cpfv1.pdf","Mexico","Seabass, white",123
2003,"landings03_cpfv1.pdf","Mexico","Shark, blue",0
2003,"landings03_cpfv1.pdf","Mexico","Shark, bonito (mako)",34
2003,"landings03_cpfv1.pdf","Mexico","Shark, leopard",0
2003,"landings03_cpfv1.pdf","Mexico","Shark, unspecified",0
2003,"landings03_cpfv1.pdf","Mexico","Sheephead, California",1134
2003,"landings03_cpfv1.pdf","Mexico","Sturgeon, unspecified",0
2003,"landings03_cpfv1.pdf","Mexico","Tuna, albacore",193593
2003,"landings03_cpfv1.pdf","Mexico","Tuna, bluefin",19475
2003,"landings03_cpfv1.pdf","Mexico","Tuna, skipjack",21889
2003,"landings03_cpfv1.pdf","Mexico","Tuna, yellowfin",27148
2003,"landings03_cpfv1.pdf","Mexico","Wahoo",4370
2003,"landings03_cpfv1.pdf","Mexico","Whitefish, ocean",8843
2003,"landings03_cpfv1.pdf","Mexico","Yellowtail",52981
2004,"landings04_cpfv1.pdf","All","Barracuda, California",214849
2004,"landings04_cpfv1.pdf","All","Bass, barred sand",569665
2004,"landings04_cpfv1.pdf","All","Bass, giant (black) sea",3
2004,"landings04_cpfv1.pdf","All","Bass, kelp (calico)",322316
2004,"landings04_cpfv1.pdf","All","Bass, striped",6603
2004,"landings04_cpfv1.pdf","All","Bonito, Pacific",124152
2004,"landings04_cpfv1.pdf","All","Cabezon",2646
2004,"landings04_cpfv1.pdf","All","Croaker, unspecified",136
2004,"landings04_cpfv1.pdf","All","Croaker, white",1323
2004,"landings04_cpfv1.pdf","All","Dolphinfish",8231
2004,"landings04_cpfv1.pdf","All","Fishes, unspecified",10435
2004,"landings04_cpfv1.pdf","All","Flatfishes, unspecified",44863
2004,"landings04_cpfv1.pdf","All","Greenling, kelp",3337
2004,"landings04_cpfv1.pdf","All","Halfmoon",30344
2004,"landings04_cpfv1.pdf","All","Halibut, California",6289
2004,"landings04_cpfv1.pdf","All","Invertebrates, unspecified",52872
2004,"landings04_cpfv1.pdf","All","Lingcod",11977
2004,"landings04_cpfv1.pdf","All","Mackerel, jack",284
2004,"landings04_cpfv1.pdf","All","Mackerel, Pacific",24143
2004,"landings04_cpfv1.pdf","All","Marlin, striped",4
2004,"landings04_cpfv1.pdf","All","Rockfish, blue",181325
2004,"landings04_cpfv1.pdf","All","Rockfish, gopher",28533
2004,"landings04_cpfv1.pdf","All","Rockfishes, unspecified",643314
2004,"landings04_cpfv1.pdf","All","Salmon, king (Chinook)",108052
2004,"landings04_cpfv1.pdf","All","Salmon, unspecified",1803
2004,"landings04_cpfv1.pdf","All","Sanddab",80314
2004,"landings04_cpfv1.pdf","All","Scorpionfish, California",71572
2004,"landings04_cpfv1.pdf","All","Seabass, white",3244
2004,"landings04_cpfv1.pdf","All","Shark, blue",6
2004,"landings04_cpfv1.pdf","All","Shark, bonito (mako)",303
2004,"landings04_cpfv1.pdf","All","Shark, leopard",526
2004,"landings04_cpfv1.pdf","All","Shark, unspecified",543
2004,"landings04_cpfv1.pdf","All","Sheephead, California",17965
2004,"landings04_cpfv1.pdf","All","Sturgeon, unspecified",191
2004,"landings04_cpfv1.pdf","All","Tuna, albacore",181855
2004,"landings04_cpfv1.pdf","All","Tuna, bluefin",3356
2004,"landings04_cpfv1.pdf","All","Tuna, skipjack",4475
2004,"landings04_cpfv1.pdf","All","Tuna, yellowfin",67519
2004,"landings04_cpfv1.pdf","All","Wahoo",5005
2004,"landings04_cpfv1.pdf","All","Whitefish, ocean",66131
2004,"landings04_cpfv1.pdf","All","Yellowtail",131113
2004,"landings04_cpfv1.pdf","Mexico","Barracuda, California",14902
2004,"landings04_cpfv1.pdf","Mexico","Bass, barred sand",18937
2004,"landings04_cpfv1.pdf","Mexico","Bass, giant (black) sea",0
2004,"landings04_cpfv1.pdf","Mexico","Bass, kelp (calico)",22561
2004,"landings04_cpfv1.pdf","Mexico","Bass, striped",0
2004,"landings04_cpfv1.pdf","Mexico","Bonito, Pacific",8925
2004,"landings04_cpfv1.pdf","Mexico","Cabezon",74
2004,"landings04_cpfv1.pdf","Mexico","Croaker, unspecified",0
2004,"landings04_cpfv1.pdf","Mexico","Croaker, white",2
2004,"landings04_cpfv1.pdf","Mexico","Dolphinfish",7560
2004,"landings04_cpfv1.pdf","Mexico","Fishes, unspecified",992
2004,"landings04_cpfv1.pdf","Mexico","Flatfishes, unspecified",4
2004,"landings04_cpfv1.pdf","Mexico","Greenling, kelp",0
2004,"landings04_cpfv1.pdf","Mexico","Halfmoon",43
2004,"landings04_cpfv1.pdf","Mexico","Halibut, California",108
2004,"landings04_cpfv1.pdf","Mexico","Invertebrates, unspecified",363
2004,"landings04_cpfv1.pdf","Mexico","Lingcod",1745
2004,"landings04_cpfv1.pdf","Mexico","Mackerel, jack",13
2004,"landings04_cpfv1.pdf","Mexico","Mackerel, Pacific",1246
2004,"landings04_cpfv1.pdf","Mexico","Marlin, striped",3
2004,"landings04_cpfv1.pdf","Mexico","Rockfish, blue",8
2004,"landings04_cpfv1.pdf","Mexico","Rockfish, gopher",71
2004,"landings04_cpfv1.pdf","Mexico","Rockfishes, unspecified",26601
2004,"landings04_cpfv1.pdf","Mexico","Salmon, king (Chinook)",0
2004,"landings04_cpfv1.pdf","Mexico","Salmon, unspecified",0
2004,"landings04_cpfv1.pdf","Mexico","Sanddab",35
2004,"landings04_cpfv1.pdf","Mexico","Scorpionfish, California",4265
2004,"landings04_cpfv1.pdf","Mexico","Seabass, white",144
2004,"landings04_cpfv1.pdf","Mexico","Shark, blue",0
2004,"landings04_cpfv1.pdf","Mexico","Shark, bonito (mako)",54
2004,"landings04_cpfv1.pdf","Mexico","Shark, leopard",0
2004,"landings04_cpfv1.pdf","Mexico","Shark, unspecified",5
2004,"landings04_cpfv1.pdf","Mexico","Sheephead, California",695
2004,"landings04_cpfv1.pdf","Mexico","Sturgeon, unspecified",0
2004,"landings04_cpfv1.pdf","Mexico","Tuna, albacore",161814
2004,"landings04_cpfv1.pdf","Mexico","Tuna, bluefin",2873
2004,"landings04_cpfv1.pdf","Mexico","Tuna, skipjack",3740
2004,"landings04_cpfv1.pdf","Mexico","Tuna, yellowfin",59191
2004,"landings04_cpfv1.pdf","Mexico","Wahoo",4645
2004,"landings04_cpfv1.pdf","Mexico","Whitefish, ocean",7667
2004,"landings04_cpfv1.pdf","Mexico","Yellowtail",94611
2005,"landings05_cpfv1.pdf","All","Barracuda, California",104941
2005,"landings05_cpfv1.pdf","All","Bass, barred sand",405583
2005,"landings05_cpfv1.pdf","All","Bass, giant (black) sea",1
2005,"landings05_cpfv1.pdf","All","Bass, kelp (calico)",196628
2005,"landings05_cpfv1.pdf","All","Bass, striped",7771
2005,"landings05_cpfv1.pdf","All","Bonito, Pacific",75034
2005,"landings05_cpfv1.pdf","All","Cabezon",3131
2005,"landings05_cpfv1.pdf","All","Croaker, unspecified",253
2005,"landings05_cpfv1.pdf","All","Croaker, white",3375
2005,"landings05_cpfv1.pdf","All","Dolphinfish",6629
2005,"landings05_cpfv1.pdf","All","Fishes, unspecified",10166
2005,"landings05_cpfv1.pdf","All","Flatfishes, unspecified",10945
2005,"landings05_cpfv1.pdf","All","Greenling, kelp",2548
2005,"landings05_cpfv1.pdf","All","Halfmoon",43667
2005,"landings05_cpfv1.pdf","All","Halibut, California",6160
2005,"landings05_cpfv1.pdf","All","Invertebrates, unspecified",90080
2005,"landings05_cpfv1.pdf","All","Lingcod",29930
2005,"landings05_cpfv1.pdf","All","Mackerel, jack",699
2005,"landings05_cpfv1.pdf","All","Mackerel, Pacific",47652
2005,"landings05_cpfv1.pdf","All","Marlin, striped",18
2005,"landings05_cpfv1.pdf","All","Rockfish, blue",258940
2005,"landings05_cpfv1.pdf","All","Rockfish, gopher",33717
2005,"landings05_cpfv1.pdf","All","Rockfishes, unspecified",697097
2005,"landings05_cpfv1.pdf","All","Salmon, king (Chinook)",55716
2005,"landings05_cpfv1.pdf","All","Salmon, unspecified",35
2005,"landings05_cpfv1.pdf","All","Sanddab",97676
2005,"landings05_cpfv1.pdf","All","Scorpionfish, California",95772
2005,"landings05_cpfv1.pdf","All","Seabass, white",2882
2005,"landings05_cpfv1.pdf","All","Shark, blue",26
2005,"landings05_cpfv1.pdf","All","Shark, bonito (mako)",162
2005,"landings05_cpfv1.pdf","All","Shark, leopard",455
2005,"landings05_cpfv1.pdf","All","Shark, unspecified",605
2005,"landings05_cpfv1.pdf","All","Sheephead, California",20913
2005,"landings05_cpfv1.pdf","All","Sturgeon, unspecified",130
2005,"landings05_cpfv1.pdf","All","Tuna, albacore",98448
2005,"landings05_cpfv1.pdf","All","Tuna, bluefin",5748
2005,"landings05_cpfv1.pdf","All","Tuna, skipjack",5906
2005,"landings05_cpfv1.pdf","All","Tuna, yellowfin",56816
2005,"landings05_cpfv1.pdf","All","Wahoo",3140
2005,"landings05_cpfv1.pdf","All","Whitefish, ocean",60912
2005,"landings05_cpfv1.pdf","All","Yellowtail",71654
2005,"landings05_cpfv1.pdf","Mexico","Barracuda, California",10797
2005,"landings05_cpfv1.pdf","Mexico","Bass, barred sand",23542
2005,"landings05_cpfv1.pdf","Mexico","Bass, giant (black) sea",0
2005,"landings05_cpfv1.pdf","Mexico","Bass, kelp (calico)",7191
2005,"landings05_cpfv1.pdf","Mexico","Bass, striped",0
2005,"landings05_cpfv1.pdf","Mexico","Bonito, Pacific",3320
2005,"landings05_cpfv1.pdf","Mexico","Cabezon",21
2005,"landings05_cpfv1.pdf","Mexico","Croaker, unspecified",0
2005,"landings05_cpfv1.pdf","Mexico","Croaker, white",2
2005,"landings05_cpfv1.pdf","Mexico","Dolphinfish",5956
2005,"landings05_cpfv1.pdf","Mexico","Fishes, unspecified",451
2005,"landings05_cpfv1.pdf","Mexico","Flatfishes, unspecified",10
2005,"landings05_cpfv1.pdf","Mexico","Greenling, kelp",0
2005,"landings05_cpfv1.pdf","Mexico","Halfmoon",22
2005,"landings05_cpfv1.pdf","Mexico","Halibut, California",188
2005,"landings05_cpfv1.pdf","Mexico","Invertebrates, unspecified",669
2005,"landings05_cpfv1.pdf","Mexico","Lingcod",2318
2005,"landings05_cpfv1.pdf","Mexico","Mackerel, jack",23
2005,"landings05_cpfv1.pdf","Mexico","Mackerel, Pacific",693
2005,"landings05_cpfv1.pdf","Mexico","Marlin, striped",14
2005,"landings05_cpfv1.pdf","Mexico","Rockfish, blue",30
2005,"landings05_cpfv1.pdf","Mexico","Rockfish, gopher",143
2005,"landings05_cpfv1.pdf","Mexico","Rockfishes, unspecified",38046
2005,"landings05_cpfv1.pdf","Mexico","Salmon, king (Chinook)",6
2005,"landings05_cpfv1.pdf","Mexico","Salmon, unspecified",0
2005,"landings05_cpfv1.pdf","Mexico","Sanddab",184
2005,"landings05_cpfv1.pdf","Mexico","Scorpionfish, California",17751
2005,"landings05_cpfv1.pdf","Mexico","Seabass, white",126
2005,"landings05_cpfv1.pdf","Mexico","Shark, blue",0
2005,"landings05_cpfv1.pdf","Mexico","Shark, bonito (mako)",41
2005,"landings05_cpfv1.pdf","Mexico","Shark, leopard",0
2005,"landings05_cpfv1.pdf","Mexico","Shark, unspecified",72
2005,"landings05_cpfv1.pdf","Mexico","Sheephead, California",867
2005,"landings05_cpfv1.pdf","Mexico","Sturgeon, unspecified",0
2005,"landings05_cpfv1.pdf","Mexico","Tuna, albacore",82795
2005,"landings05_cpfv1.pdf","Mexico","Tuna, bluefin",5025
2005,"landings05_cpfv1.pdf","Mexico","Tuna, skipjack",3682
2005,"landings05_cpfv1.pdf","Mexico","Tuna, yellowfin",51186
2005,"landings05_cpfv1.pdf","Mexico","Wahoo",3103
2005,"landings05_cpfv1.pdf","Mexico","Whitefish, ocean",10857
2005,"landings05_cpfv1.pdf","Mexico","Yellowtail",57638
2006,"landings06_cpfv1.pdf","All","Barracuda, California",114123
2006,"landings06_cpfv1.pdf","All","Bass, barred sand",276903
2006,"landings06_cpfv1.pdf","All","Bass, giant (black) sea",692
2006,"landings06_cpfv1.pdf","All","Bass, kelp (calico)",264567
2006,"landings06_cpfv1.pdf","All","Bass, striped",2613
2006,"landings06_cpfv1.pdf","All","Bonito, Pacific",201703
2006,"landings06_cpfv1.pdf","All","Cabezon",2074
2006,"landings06_cpfv1.pdf","All","Croaker, unspecified",385
2006,"landings06_cpfv1.pdf","All","Croaker, white",2168
2006,"landings06_cpfv1.pdf","All","Dolphinfish",45694
2006,"landings06_cpfv1.pdf","All","Fishes, unspecified",8331
2006,"landings06_cpfv1.pdf","All","Flatfishes, unspecified",4753
2006,"landings06_cpfv1.pdf","All","Greenling, kelp",2280
2006,"landings06_cpfv1.pdf","All","Halfmoon",54854
2006,"landings06_cpfv1.pdf","All","Halibut, California",5903
2006,"landings06_cpfv1.pdf","All","Invertebrates, unspecified",69676
2006,"landings06_cpfv1.pdf","All","Lingcod",35321
2006,"landings06_cpfv1.pdf","All","Mackerel, jack",3167
2006,"landings06_cpfv1.pdf","All","Mackerel, Pacific",49618
2006,"landings06_cpfv1.pdf","All","Marlin, striped",15
2006,"landings06_cpfv1.pdf","All","Rockfish, blue",323915
2006,"landings06_cpfv1.pdf","All","Rockfish, gopher",28404
2006,"landings06_cpfv1.pdf","All","Rockfishes, unspecified",776060
2006,"landings06_cpfv1.pdf","All","Salmon, king (Chinook)",32289
2006,"landings06_cpfv1.pdf","All","Salmon, unspecified",12
2006,"landings06_cpfv1.pdf","All","Sanddab",98169
2006,"landings06_cpfv1.pdf","All","Scorpionfish, California",202159
2006,"landings06_cpfv1.pdf","All","Seabass, white",6560
2006,"landings06_cpfv1.pdf","All","Shark, blue",25
2006,"landings06_cpfv1.pdf","All","Shark, bonito (mako)",239
2006,"landings06_cpfv1.pdf","All","Shark, leopard",987
2006,"landings06_cpfv1.pdf","All","Shark, unspecified",568
2006,"landings06_cpfv1.pdf","All","Sheephead, California",30669
2006,"landings06_cpfv1.pdf","All","Sturgeon, unspecified",301
2006,"landings06_cpfv1.pdf","All","Tuna, albacore",21020
2006,"landings06_cpfv1.pdf","All","Tuna, bluefin",7363
2006,"landings06_cpfv1.pdf","All","Tuna, skipjack",4614
2006,"landings06_cpfv1.pdf","All","Tuna, yellowfin",46411
2006,"landings06_cpfv1.pdf","All","Wahoo",3673
2006,"landings06_cpfv1.pdf","All","Whitefish, ocean",60565
2006,"landings06_cpfv1.pdf","All","Yellowtail",172166
2006,"landings06_cpfv1.pdf","Mexico","Barracuda, California",7307
2006,"landings06_cpfv1.pdf","Mexico","Bass, barred sand",17892
2006,"landings06_cpfv1.pdf","Mexico","Bass, giant (black) sea",0
2006,"landings06_cpfv1.pdf","Mexico","Bass, kelp (calico)",9104
2006,"landings06_cpfv1.pdf","Mexico","Bass, striped",0
2006,"landings06_cpfv1.pdf","Mexico","Bonito, Pacific",27259
2006,"landings06_cpfv1.pdf","Mexico","Cabezon",19
2006,"landings06_cpfv1.pdf","Mexico","Croaker, unspecified",0
2006,"landings06_cpfv1.pdf","Mexico","Croaker, white",2
2006,"landings06_cpfv1.pdf","Mexico","Dolphinfish",34393
2006,"landings06_cpfv1.pdf","Mexico","Fishes, unspecified",1252
2006,"landings06_cpfv1.pdf","Mexico","Flatfishes, unspecified",8
2006,"landings06_cpfv1.pdf","Mexico","Greenling, kelp",0
2006,"landings06_cpfv1.pdf","Mexico","Halfmoon",49
2006,"landings06_cpfv1.pdf","Mexico","Halibut, California",40
2006,"landings06_cpfv1.pdf","Mexico","Invertebrates, unspecified",37
2006,"landings06_cpfv1.pdf","Mexico","Lingcod",1740
2006,"landings06_cpfv1.pdf","Mexico","Mackerel, jack",7
2006,"landings06_cpfv1.pdf","Mexico","Mackerel, Pacific",452
2006,"landings06_cpfv1.pdf","Mexico","Marlin, striped",13
2006,"landings06_cpfv1.pdf","Mexico","Rockfish, blue",685
2006,"landings06_cpfv1.pdf","Mexico","Rockfish, gopher",91
2006,"landings06_cpfv1.pdf","Mexico","Rockfishes, unspecified",32054
2006,"landings06_cpfv1.pdf","Mexico","Salmon, king (Chinook)",10
2006,"landings06_cpfv1.pdf","Mexico","Salmon, unspecified",0
2006,"landings06_cpfv1.pdf","Mexico","Sanddab",1055
2006,"landings06_cpfv1.pdf","Mexico","Scorpionfish, California",4787
2006,"landings06_cpfv1.pdf","Mexico","Seabass, white",183
2006,"landings06_cpfv1.pdf","Mexico","Shark, blue",7
2006,"landings06_cpfv1.pdf","Mexico","Shark, bonito (mako)",63
2006,"landings06_cpfv1.pdf","Mexico","Shark, leopard",0
2006,"landings06_cpfv1.pdf","Mexico","Shark, unspecified",2
2006,"landings06_cpfv1.pdf","Mexico","Sheephead, California",660
2006,"landings06_cpfv1.pdf","Mexico","Sturgeon, unspecified",0
2006,"landings06_cpfv1.pdf","Mexico","Tuna, albacore",17655
2006,"landings06_cpfv1.pdf","Mexico","Tuna, bluefin",6014
2006,"landings06_cpfv1.pdf","Mexico","Tuna, skipjack",2894
2006,"landings06_cpfv1.pdf","Mexico","Tuna, yellowfin",41307
2006,"landings06_cpfv1.pdf","Mexico","Wahoo",3654
2006,"landings06_cpfv1.pdf","Mexico","Whitefish, ocean",6563
2006,"landings06_cpfv1.pdf","Mexico","Yellowtail",127406
2007,"landings07_cpfv1.pdf","All","Barracuda, California",169210
2007,"landings07_cpfv1.pdf","All","Bass, barred sand",187373
2007,"landings07_cpfv1.pdf","All","Bass, giant (black) sea",2
2007,"landings07_cpfv1.pdf","All","Bass, kelp (calico)",227430
2007,"landings07_cpfv1.pdf","All","Bass, striped",5944
2007,"landings07_cpfv1.pdf","All","Bonito, Pacific",59987
2007,"landings07_cpfv1.pdf","All","Cabezon",1917
2007,"landings07_cpfv1.pdf","All","Croaker, unspecified",325
2007,"landings07_cpfv1.pdf","All","Croaker, white",1331
2007,"landings07_cpfv1.pdf","All","Dolphinfish",6147
2007,"landings07_cpfv1.pdf","All","Fishes, unspecified",11143
2007,"landings07_cpfv1.pdf","All","Flatfishes, unspecified",1534
2007,"landings07_cpfv1.pdf","All","Greenling, kelp",2642
2007,"landings07_cpfv1.pdf","All","Halfmoon",59968
2007,"landings07_cpfv1.pdf","All","Halibut, California",5825
2007,"landings07_cpfv1.pdf","All","Invertebrates, unspecified",128586
2007,"landings07_cpfv1.pdf","All","Lingcod",24869
2007,"landings07_cpfv1.pdf","All","Mackerel, jack",602
2007,"landings07_cpfv1.pdf","All","Mackerel, Pacific",46591
2007,"landings07_cpfv1.pdf","All","Marlin, striped",94
2007,"landings07_cpfv1.pdf","All","Rockfish, blue",222706
2007,"landings07_cpfv1.pdf","All","Rockfish, gopher",35818
2007,"landings07_cpfv1.pdf","All","Rockfishes, unspecified",853422
2007,"landings07_cpfv1.pdf","All","Salmon, king (Chinook)",11170
2007,"landings07_cpfv1.pdf","All","Salmon, unspecified",15
2007,"landings07_cpfv1.pdf","All","Sanddab",126699
2007,"landings07_cpfv1.pdf","All","Scorpionfish, California",204330
2007,"landings07_cpfv1.pdf","All","Seabass, white",2195
2007,"landings07_cpfv1.pdf","All","Shark, blue",19
2007,"landings07_cpfv1.pdf","All","Shark, bonito (mako)",135
2007,"landings07_cpfv1.pdf","All","Shark, leopard",396
2007,"landings07_cpfv1.pdf","All","Shark, unspecified",399
2007,"landings07_cpfv1.pdf","All","Sheephead, California",30323
2007,"landings07_cpfv1.pdf","All","Sturgeon, unspecified",147
2007,"landings07_cpfv1.pdf","All","Tuna, albacore",101487
2007,"landings07_cpfv1.pdf","All","Tuna, bluefin",1009
2007,"landings07_cpfv1.pdf","All","Tuna, skipjack",442
2007,"landings07_cpfv1.pdf","All","Tuna, yellowfin",17588
2007,"landings07_cpfv1.pdf","All","Wahoo",2307
2007,"landings07_cpfv1.pdf","All","Whitefish, ocean",83227
2007,"landings07_cpfv1.pdf","All","Yellowtail",79376
2007,"landings07_cpfv1.pdf","Mexico","Barracuda, California",17417
2007,"landings07_cpfv1.pdf","Mexico","Bass, barred sand",19067
2007,"landings07_cpfv1.pdf","Mexico","Bass, giant (black) sea",0
2007,"landings07_cpfv1.pdf","Mexico","Bass, kelp (calico)",8749
2007,"landings07_cpfv1.pdf","Mexico","Bass, striped",0
2007,"landings07_cpfv1.pdf","Mexico","Bonito, Pacific",12157
2007,"landings07_cpfv1.pdf","Mexico","Cabezon",22
2007,"landings07_cpfv1.pdf","Mexico","Croaker, unspecified",0
2007,"landings07_cpfv1.pdf","Mexico","Croaker, white",19
2007,"landings07_cpfv1.pdf","Mexico","Dolphinfish",6075
2007,"landings07_cpfv1.pdf","Mexico","Fishes, unspecified",376
2007,"landings07_cpfv1.pdf","Mexico","Flatfishes, unspecified",2
2007,"landings07_cpfv1.pdf","Mexico","Greenling, kelp",0
2007,"landings07_cpfv1.pdf","Mexico","Halfmoon",20
2007,"landings07_cpfv1.pdf","Mexico","Halibut, California",415
2007,"landings07_cpfv1.pdf","Mexico","Invertebrates, unspecified",601
2007,"landings07_cpfv1.pdf","Mexico","Lingcod",3530
2007,"landings07_cpfv1.pdf","Mexico","Mackerel, jack",4
2007,"landings07_cpfv1.pdf","Mexico","Mackerel, Pacific",153
2007,"landings07_cpfv1.pdf","Mexico","Marlin, striped",1
2007,"landings07_cpfv1.pdf","Mexico","Rockfish, blue",8
2007,"landings07_cpfv1.pdf","Mexico","Rockfish, gopher",363
2007,"landings07_cpfv1.pdf","Mexico","Rockfishes, unspecified",50925
2007,"landings07_cpfv1.pdf","Mexico","Salmon, king (Chinook)",0
2007,"landings07_cpfv1.pdf","Mexico","Salmon, unspecified",0
2007,"landings07_cpfv1.pdf","Mexico","Sanddab",216
2007,"landings07_cpfv1.pdf","Mexico","Scorpionfish, California",4965
2007,"landings07_cpfv1.pdf","Mexico","Seabass, white",61
2007,"landings07_cpfv1.pdf","Mexico","Shark, blue",0
2007,"landings07_cpfv1.pdf","Mexico","Shark, bonito (mako)",27
2007,"landings07_cpfv1.pdf","Mexico","Shark, leopard",0
2007,"landings07_cpfv1.pdf","Mexico","Shark, unspecified",0
2007,"landings07_cpfv1.pdf","Mexico","Sheephead, California",511
2007,"landings07_cpfv1.pdf","Mexico","Sturgeon, unspecified",0
2007,"landings07_cpfv1.pdf","Mexico","Tuna, albacore",65001
2007,"landings07_cpfv1.pdf","Mexico","Tuna, bluefin",833
2007,"landings07_cpfv1.pdf","Mexico","Tuna, skipjack",375
2007,"landings07_cpfv1.pdf","Mexico","Tuna, yellowfin",16505
2007,"landings07_cpfv1.pdf","Mexico","Wahoo",2290
2007,"landings07_cpfv1.pdf","Mexico","Whitefish, ocean",7169
2007,"landings07_cpfv1.pdf","Mexico","Yellowtail",64335
2008,"landings08_cpfv1.pdf","All","Barracuda, California",73209
2008,"landings08_cpfv1.pdf","All","Bass, barred sand",195612
2008,"landings08_cpfv1.pdf","All","Bass, giant (black) sea",3
2008,"landings08_cpfv1.pdf","All","Bass, kelp (calico)",196808
2008,"landings08_cpfv1.pdf","All","Bass, striped",10807
2008,"landings08_cpfv1.pdf","All","Bonito, Pacific",101738
2008,"landings08_cpfv1.pdf","All","Cabezon",1985
2008,"landings08_cpfv1.pdf","All","Croaker, unspecified",1063
2008,"landings08_cpfv1.pdf","All","Croaker, white",1733
2008,"landings08_cpfv1.pdf","All","Dolphinfish",28637
2008,"landings08_cpfv1.pdf","All","Fishes, unspecified",9642
2008,"landings08_cpfv1.pdf","All","Flatfishes, unspecified",1293
2008,"landings08_cpfv1.pdf","All","Greenling, kelp",2278
2008,"landings08_cpfv1.pdf","All","Halfmoon",48923
2008,"landings08_cpfv1.pdf","All","Halibut, California",25318
2008,"landings08_cpfv1.pdf","All","Invertebrates, unspecified",41095
2008,"landings08_cpfv1.pdf","All","Lingcod",15616
2008,"landings08_cpfv1.pdf","All","Mackerel, jack",408
2008,"landings08_cpfv1.pdf","All","Mackerel, Pacific",49150
2008,"landings08_cpfv1.pdf","All","Marlin, striped",5
2008,"landings08_cpfv1.pdf","All","Rockfish, blue",129635
2008,"landings08_cpfv1.pdf","All","Rockfish, gopher",51734
2008,"landings08_cpfv1.pdf","All","Rockfishes, unspecified",732360
2008,"landings08_cpfv1.pdf","All","Salmon, king (Chinook)",1
2008,"landings08_cpfv1.pdf","All","Salmon, unspecified",0
2008,"landings08_cpfv1.pdf","All","Sanddab",105591
2008,"landings08_cpfv1.pdf","All","Scorpionfish, California",149328
2008,"landings08_cpfv1.pdf","All","Seabass, white",4133
2008,"landings08_cpfv1.pdf","All","Shark, blue",17
2008,"landings08_cpfv1.pdf","All","Shark, bonito (mako)",129
2008,"landings08_cpfv1.pdf","All","Shark, leopard",292
2008,"landings08_cpfv1.pdf","All","Shark, unspecified",373
2008,"landings08_cpfv1.pdf","All","Sheephead, California",27184
2008,"landings08_cpfv1.pdf","All","Sturgeon, unspecified",147
2008,"landings08_cpfv1.pdf","All","Tuna, albacore",35799
2008,"landings08_cpfv1.pdf","All","Tuna, bluefin",10024
2008,"landings08_cpfv1.pdf","All","Tuna, skipjack",4240
2008,"landings08_cpfv1.pdf","All","Tuna, yellowfin",46942
2008,"landings08_cpfv1.pdf","All","Wahoo",2991
2008,"landings08_cpfv1.pdf","All","Whitefish, ocean",59996
2008,"landings08_cpfv1.pdf","All","Yellowtail",71683
2008,"landings08_cpfv1.pdf","Mexico","Barracuda, California",7821
2008,"landings08_cpfv1.pdf","Mexico","Bass, barred sand",23545
2008,"landings08_cpfv1.pdf","Mexico","Bass, giant (black) sea",2
2008,"landings08_cpfv1.pdf","Mexico","Bass, kelp (calico)",6206
2008,"landings08_cpfv1.pdf","Mexico","Bass, striped",0
2008,"landings08_cpfv1.pdf","Mexico","Bonito, Pacific",10751
2008,"landings08_cpfv1.pdf","Mexico","Cabezon",11
2008,"landings08_cpfv1.pdf","Mexico","Croaker, unspecified",841
2008,"landings08_cpfv1.pdf","Mexico","Croaker, white",22
2008,"landings08_cpfv1.pdf","Mexico","Dolphinfish",23016
2008,"landings08_cpfv1.pdf","Mexico","Fishes, unspecified",619
2008,"landings08_cpfv1.pdf","Mexico","Flatfishes, unspecified",2
2008,"landings08_cpfv1.pdf","Mexico","Greenling, kelp",0
2008,"landings08_cpfv1.pdf","Mexico","Halfmoon",33
2008,"landings08_cpfv1.pdf","Mexico","Halibut, California",111
2008,"landings08_cpfv1.pdf","Mexico","Invertebrates, unspecified",0
2008,"landings08_cpfv1.pdf","Mexico","Lingcod",2022
2008,"landings08_cpfv1.pdf","Mexico","Mackerel, jack",1
2008,"landings08_cpfv1.pdf","Mexico","Mackerel, Pacific",379
2008,"landings08_cpfv1.pdf","Mexico","Marlin, striped",4
2008,"landings08_cpfv1.pdf","Mexico","Rockfish, blue",63
2008,"landings08_cpfv1.pdf","Mexico","Rockfish, gopher",196
2008,"landings08_cpfv1.pdf","Mexico","Rockfishes, unspecified",41525
2008,"landings08_cpfv1.pdf","Mexico","Salmon, king (Chinook)",0
2008,"landings08_cpfv1.pdf","Mexico","Salmon, unspecified",0
2008,"landings08_cpfv1.pdf","Mexico","Sanddab",663
2008,"landings08_cpfv1.pdf","Mexico","Scorpionfish, California",6788
2008,"landings08_cpfv1.pdf","Mexico","Seabass, white",99
2008,"landings08_cpfv1.pdf","Mexico","Shark, blue",0
2008,"landings08_cpfv1.pdf","Mexico","Shark, bonito (mako)",52
2008,"landings08_cpfv1.pdf","Mexico","Shark, leopard",0
2008,"landings08_cpfv1.pdf","Mexico","Shark, unspecified",150
2008,"landings08_cpfv1.pdf","Mexico","Sheephead, California",809
2008,"landings08_cpfv1.pdf","Mexico","Sturgeon, unspecified",0
2008,"landings08_cpfv1.pdf","Mexico","Tuna, albacore",31269
2008,"landings08_cpfv1.pdf","Mexico","Tuna, bluefin",6866
2008,"landings08_cpfv1.pdf","Mexico","Tuna, skipjack",3419
2008,"landings08_cpfv1.pdf","Mexico","Tuna, yellowfin",41346
2008,"landings08_cpfv1.pdf","Mexico","Wahoo",2991
2008,"landings08_cpfv1.pdf","Mexico","Whitefish, ocean",5289
2008,"landings08_cpfv1.pdf","Mexico","Yellowtail",64810
2009,"landings09_cpfv2.pdf","All","Barracuda, California",74457
2009,"landings09_cpfv2.pdf","All","Bass, barred sand",153497
2009,"landings09_cpfv2.pdf","All","Bass, giant (black) sea",10
2009,"landings09_cpfv2.pdf","All","Bass, kelp (calico)",214808
2009,"landings09_cpfv2.pdf","All","Bass, striped",8927
2009,"landings09_cpfv2.pdf","All","Bonito, Pacific",48719
2009,"landings09_cpfv2.pdf","All","Cabezon",2226
2009,"landings09_cpfv2.pdf","All","Croaker, unspecified",394
2009,"landings09_cpfv2.pdf","All","Croaker, white",1753
2009,"landings09_cpfv2.pdf","All","Dolphinfish",17845
2009,"landings09_cpfv2.pdf","All","Fishes, unspecified",19431
2009,"landings09_cpfv2.pdf","All","Flatfishes, unspecified",2307
2009,"landings09_cpfv2.pdf","All","Greenling, kelp",2223
2009,"landings09_cpfv2.pdf","All","Halfmoon",34835
2009,"landings09_cpfv2.pdf","All","Halibut, California",15700
2009,"landings09_cpfv2.pdf","All","Invertebrates, unspecified",45397
2009,"landings09_cpfv2.pdf","All","Lingcod",12208
2009,"landings09_cpfv2.pdf","All","Mackerel, jack",722
2009,"landings09_cpfv2.pdf","All","Mackerel, Pacific",40791
2009,"landings09_cpfv2.pdf","All","Marlin, striped",7
2009,"landings09_cpfv2.pdf","All","Rockfish, blue",72460
2009,"landings09_cpfv2.pdf","All","Rockfish, gopher",56182
2009,"landings09_cpfv2.pdf","All","Rockfishes, unspecified",688311
2009,"landings09_cpfv2.pdf","All","Salmon, king (Chinook)",100
2009,"landings09_cpfv2.pdf","All","Salmon, unspecified",4
2009,"landings09_cpfv2.pdf","All","Sanddab",131984
2009,"landings09_cpfv2.pdf","All","Scorpionfish, California",150103
2009,"landings09_cpfv2.pdf","All","Seabass, white",3059
2009,"landings09_cpfv2.pdf","All","Shark, blue",11
2009,"landings09_cpfv2.pdf","All","Shark, bonito (mako)",51
2009,"landings09_cpfv2.pdf","All","Shark, leopard",423
2009,"landings09_cpfv2.pdf","All","Shark, unspecified",258
2009,"landings09_cpfv2.pdf","All","Sheephead, California",28900
2009,"landings09_cpfv2.pdf","All","Sturgeon, unspecified",127
2009,"landings09_cpfv2.pdf","All","Tuna, albacore",33858
2009,"landings09_cpfv2.pdf","All","Tuna, bluefin",10778
2009,"landings09_cpfv2.pdf","All","Tuna, skipjack",8449
2009,"landings09_cpfv2.pdf","All","Tuna, yellowfin",76578
2009,"landings09_cpfv2.pdf","All","Wahoo",3066
2009,"landings09_cpfv2.pdf","All","Whitefish, ocean",60400
2009,"landings09_cpfv2.pdf","All","Yellowtail",71139
2009,"landings09_cpfv2.pdf","Mexico","Barracuda, California",9356
2009,"landings09_cpfv2.pdf","Mexico","Bass, barred sand",10867
2009,"landings09_cpfv2.pdf","Mexico","Bass, giant (black) sea",8
2009,"landings09_cpfv2.pdf","Mexico","Bass, kelp (calico)",6346
2009,"landings09_cpfv2.pdf","Mexico","Bass, striped",0
2009,"landings09_cpfv2.pdf","Mexico","Bonito, Pacific",7927
2009,"landings09_cpfv2.pdf","Mexico","Cabezon",6
2009,"landings09_cpfv2.pdf","Mexico","Croaker, unspecified",8
2009,"landings09_cpfv2.pdf","Mexico","Croaker, white",87
2009,"landings09_cpfv2.pdf","Mexico","Dolphinfish",16500
2009,"landings09_cpfv2.pdf","Mexico","Fishes, unspecified",280
2009,"landings09_cpfv2.pdf","Mexico","Flatfishes, unspecified",19
2009,"landings09_cpfv2.pdf","Mexico","Greenling, kelp",0
2009,"landings09_cpfv2.pdf","Mexico","Halfmoon",54
2009,"landings09_cpfv2.pdf","Mexico","Halibut, California",114
2009,"landings09_cpfv2.pdf","Mexico","Invertebrates, unspecified",679
2009,"landings09_cpfv2.pdf","Mexico","Lingcod",1430
2009,"landings09_cpfv2.pdf","Mexico","Mackerel, jack",0
2009,"landings09_cpfv2.pdf","Mexico","Mackerel, Pacific",241
2009,"landings09_cpfv2.pdf","Mexico","Marlin, striped",3
2009,"landings09_cpfv2.pdf","Mexico","Rockfish, blue",2
2009,"landings09_cpfv2.pdf","Mexico","Rockfish, gopher",331
2009,"landings09_cpfv2.pdf","Mexico","Rockfishes, unspecified",31935
2009,"landings09_cpfv2.pdf","Mexico","Salmon, king (Chinook)",0
2009,"landings09_cpfv2.pdf","Mexico","Salmon, unspecified",0
2009,"landings09_cpfv2.pdf","Mexico","Sanddab",483
2009,"landings09_cpfv2.pdf","Mexico","Scorpionfish, California",11853
2009,"landings09_cpfv2.pdf","Mexico","Seabass, white",141
2009,"landings09_cpfv2.pdf","Mexico","Shark, blue",0
2009,"landings09_cpfv2.pdf","Mexico","Shark, bonito (mako)",8
2009,"landings09_cpfv2.pdf","Mexico","Shark, leopard",0
2009,"landings09_cpfv2.pdf","Mexico","Shark, unspecified",0
2009,"landings09_cpfv2.pdf","Mexico","Sheephead, California",651
2009,"landings09_cpfv2.pdf","Mexico","Sturgeon, unspecified",0
2009,"landings09_cpfv2.pdf","Mexico","Tuna, albacore",30500
2009,"landings09_cpfv2.pdf","Mexico","Tuna, bluefin",8817
2009,"landings09_cpfv2.pdf","Mexico","Tuna, skipjack",6724
2009,"landings09_cpfv2.pdf","Mexico","Tuna, yellowfin",71063
2009,"landings09_cpfv2.pdf","Mexico","Wahoo",2984
2009,"landings09_cpfv2.pdf","Mexico","Whitefish, ocean",6206
2009,"landings09_cpfv2.pdf","Mexico","Yellowtail",64491
2010,"CPFV Annual Report - Page 2.pdf","All","Barracuda, California",47244
2010,"CPFV Annual Report - Page 2.pdf","All","Bass, barred sand",140354
2010,"CPFV Annual Report - Page 2.pdf","All","Bass, giant (black) sea",3
2010,"CPFV Annual Report - Page 2.pdf","All","Bass, kelp (calico)",116680
2010,"CPFV Annual Report - Page 2.pdf","All","Bass, striped",3314
2010,"CPFV Annual Report - Page 2.pdf","All","Bonito, Pacific",38528
2010,"CPFV Annual Report - Page 2.pdf","All","Cabezon",2135
2010,"CPFV Annual Report - Page 2.pdf","All","Croaker, unspecified",115
2010,"CPFV Annual Report - Page 2.pdf","All","Croaker, white",832
2010,"CPFV Annual Report - Page 2.pdf","All","Dolphinfish",1767
2010,"CPFV Annual Report - Page 2.pdf","All","Fishes, unspecified",11454
2010,"CPFV Annual Report - Page 2.pdf","All","Flatfishes, unspecified",931
2010,"CPFV Annual Report - Page 2.pdf","All","Greenling, kelp",2319
2010,"CPFV Annual Report - Page 2.pdf","All","Halfmoon",19698
2010,"CPFV Annual Report - Page 2.pdf","All","Halibut, California",7810
2010,"CPFV Annual Report - Page 2.pdf","All","Invertebrates, unspecified",69563
2010,"CPFV Annual Report - Page 2.pdf","All","Lingcod",12997
2010,"CPFV Annual Report - Page 2.pdf","All","Mackerel, jack",2017
2010,"CPFV Annual Report - Page 2.pdf","All","Mackerel, Pacific",29503
2010,"CPFV Annual Report - Page 2.pdf","All","Marlin, striped",0
2010,"CPFV Annual Report - Page 2.pdf","All","Rockfish, blue",76330
2010,"CPFV Annual Report - Page 2.pdf","All","Rockfish, gopher",68682
2010,"CPFV Annual Report - Page 2.pdf","All","Rockfishes, unspecified",692691
2010,"CPFV Annual Report - Page 2.pdf","All","Salmon, king (Chinook)",4039
2010,"CPFV Annual Report - Page 2.pdf","All","Salmon, unspecified",20
2010,"CPFV Annual Report - Page 2.pdf","All","Sanddab",123670
2010,"CPFV Annual Report - Page 2.pdf","All","Scorpionfish, California",153578
2010,"CPFV Annual Report - Page 2.pdf","All","Seabass, white",3692
2010,"CPFV Annual Report - Page 2.pdf","All","Shark, blue",140
2010,"CPFV Annual Report - Page 2.pdf","All","Shark, bonito (mako)",44
2010,"CPFV Annual Report - Page 2.pdf","All","Shark, leopard",346
2010,"CPFV Annual Report - Page 2.pdf","All","Shark, unspecified",454
2010,"CPFV Annual Report - Page 2.pdf","All","Sheephead, California",21418
2010,"CPFV Annual Report - Page 2.pdf","All","Sturgeon, unspecified",184
2010,"CPFV Annual Report - Page 2.pdf","All","Tuna, albacore",20826
2010,"CPFV Annual Report - Page 2.pdf","All","Tuna, bluefin",8437
2010,"CPFV Annual Report - Page 2.pdf","All","Tuna, skipjack",363
2010,"CPFV Annual Report - Page 2.pdf","All","Tuna, yellowfin",28855
2010,"CPFV Annual Report - Page 2.pdf","All","Wahoo",3275
2010,"CPFV Annual Report - Page 2.pdf","All","Whitefish, ocean",51379
2010,"CPFV Annual Report - Page 2.pdf","All","Yellowtail",66374
2010,"CPFV Annual Report - Page 2.pdf","Mexico","Barracuda, California",7917
2010,"CPFV Annual Report - Page 2.pdf","Mexico","Bass, barred sand",16479
2010,"CPFV Annual Report - Page 2.pdf","Mexico","Bass, giant (black) sea",3
2010,"CPFV Annual Report - Page 2.pdf","Mexico","Bass, kelp (calico)",3482
2010,"CPFV Annual Report - Page 2.pdf","Mexico","Bass, striped",0
2010,"CPFV Annual Report - Page 2.pdf","Mexico","Bonito, Pacific",603
2010,"CPFV Annual Report - Page 2.pdf","Mexico","Cabezon",16
2010,"CPFV Annual Report - Page 2.pdf","Mexico","Croaker, unspecified",0
2010,"CPFV Annual Report - Page 2.pdf","Mexico","Croaker, white",20
2010,"CPFV Annual Report - Page 2.pdf","Mexico","Dolphinfish",1764
2010,"CPFV Annual Report - Page 2.pdf","Mexico","Fishes, unspecified",494
2010,"CPFV Annual Report - Page 2.pdf","Mexico","Flatfishes, unspecified",16
2010,"CPFV Annual Report - Page 2.pdf","Mexico","Greenling, kelp",29
2010,"CPFV Annual Report - Page 2.pdf","Mexico","Halfmoon",1
2010,"CPFV Annual Report - Page 2.pdf","Mexico","Halibut, California",209
2010,"CPFV Annual Report - Page 2.pdf","Mexico","Invertebrates, unspecified",42
2010,"CPFV Annual Report - Page 2.pdf","Mexico","Lingcod",2411
2010,"CPFV Annual Report - Page 2.pdf","Mexico","Mackerel, jack",164
2010,"CPFV Annual Report - Page 2.pdf","Mexico","Mackerel, Pacific",74
2010,"CPFV Annual Report - Page 2.pdf","Mexico","Marlin, striped",0
2010,"CPFV Annual Report - Page 2.pdf","Mexico","Rockfish, blue",157
2010,"CPFV Annual Report - Page 2.pdf","Mexico","Rockfish, gopher",355
2010,"CPFV Annual Report - Page 2.pdf","Mexico","Rockfishes, unspecified",44945
2010,"CPFV Annual Report - Page 2.pdf","Mexico","Salmon, king (Chinook)",0
2010,"CPFV Annual Report - Page 2.pdf","Mexico","Salmon, unspecified",0
2010,"CPFV Annual Report - Page 2.pdf","Mexico","Sanddab",667
2010,"CPFV Annual Report - Page 2.pdf","Mexico","Scorpionfish, California",9545
2010,"CPFV Annual Report - Page 2.pdf","Mexico","Seabass, white",418
2010,"CPFV Annual Report - Page 2.pdf","Mexico","Shark, blue",0
2010,"CPFV Annual Report - Page 2.pdf","Mexico","Shark, bonito (mako)",12
2010,"CPFV Annual Report - Page 2.pdf","Mexico","Shark, leopard",0
2010,"CPFV Annual Report - Page 2.pdf","Mexico","Shark, unspecified",2
2010,"CPFV Annual Report - Page 2.pdf","Mexico","Sheephead, California",655
2010,"CPFV Annual Report - Page 2.pdf","Mexico","Sturgeon, unspecified",0
2010,"CPFV Annual Report - Page 2.pdf","Mexico","Tuna, albacore",15114
2010,"CPFV Annual Report - Page 2.pdf","Mexico","Tuna, bluefin",8131
2010,"CPFV Annual Report - Page 2.pdf","Mexico","Tuna, skipjack",356
2010,"CPFV Annual Report - Page 2.pdf","Mexico","Tuna, yellowfin",27822
2010,"CPFV Annual Report - Page 2.pdf","Mexico","Wahoo",3269
2010,"CPFV Annual Report - Page 2.pdf","Mexico","Whitefish, ocean",6581
2010,"CPFV Annual Report - Page 2.pdf","Mexico","Yellowtail",63844
2011,"CPFV Annual Report - Page 2.pdf","All","Barracuda, California",86812
2011,"CPFV Annual Report - Page 2.pdf","All","Bass, barred sand",137331
2011,"CPFV Annual Report - Page 2.pdf","All","Bass, giant (black) sea",2
2011,"CPFV Annual Report - Page 2.pdf","All","Bass, kelp (calico)",165542
2011,"CPFV Annual Report - Page 2.pdf","All","Bass, striped",6340
2011,"CPFV Annual Report - Page 2.pdf","All","Bonito, Pacific",4470
2011,"CPFV Annual Report - Page 2.pdf","All","Cabezon",3185
2011,"CPFV Annual Report - Page 2.pdf","All","Croaker, unspecified",123
2011,"CPFV Annual Report - Page 2.pdf","All","Croaker, white",1164
2011,"CPFV Annual Report - Page 2.pdf","All","Dolphinfish",8284
2011,"CPFV Annual Report - Page 2.pdf","All","Fishes, unspecified",25823
2011,"CPFV Annual Report - Page 2.pdf","All","Flatfishes, unspecified",1941
2011,"CPFV Annual Report - Page 2.pdf","All","Greenling, kelp",2752
2011,"CPFV Annual Report - Page 2.pdf","All","Halfmoon",50616
2011,"CPFV Annual Report - Page 2.pdf","All","Halibut, California",5679
2011,"CPFV Annual Report - Page 2.pdf","All","Invertebrates, unspecified",144833
2011,"CPFV Annual Report - Page 2.pdf","All","Lingcod",29858
2011,"CPFV Annual Report - Page 2.pdf","All","Mackerel, jack",947
2011,"CPFV Annual Report - Page 2.pdf","All","Mackerel, Pacific",20332
2011,"CPFV Annual Report - Page 2.pdf","All","Marlin, striped",3
2011,"CPFV Annual Report - Page 2.pdf","All","Rockfish, blue",90680
2011,"CPFV Annual Report - Page 2.pdf","All","Rockfish, gopher",78669
2011,"CPFV Annual Report - Page 2.pdf","All","Rockfishes, unspecified",1053154
2011,"CPFV Annual Report - Page 2.pdf","All","Salmon, king (Chinook)",16911
2011,"CPFV Annual Report - Page 2.pdf","All","Salmon, unspecified",44
2011,"CPFV Annual Report - Page 2.pdf","All","Sanddab",192452
2011,"CPFV Annual Report - Page 2.pdf","All","Scorpionfish, California",163689
2011,"CPFV Annual Report - Page 2.pdf","All","Seabass, white",5700
2011,"CPFV Annual Report - Page 2.pdf","All","Shark, blue",6
2011,"CPFV Annual Report - Page 2.pdf","All","Shark, bonito (mako)",64
2011,"CPFV Annual Report - Page 2.pdf","All","Shark, leopard",325
2011,"CPFV Annual Report - Page 2.pdf","All","Shark, unspecified",479
2011,"CPFV Annual Report - Page 2.pdf","All","Sheephead, California",31834
2011,"CPFV Annual Report - Page 2.pdf","All","Sturgeon, unspecified",220
2011,"CPFV Annual Report - Page 2.pdf","All","Tuna, albacore",935
2011,"CPFV Annual Report - Page 2.pdf","All","Tuna, bluefin",31162
2011,"CPFV Annual Report - Page 2.pdf","All","Tuna, skipjack",712
2011,"CPFV Annual Report - Page 2.pdf","All","Tuna, yellowfin",36095
2011,"CPFV Annual Report - Page 2.pdf","All","Wahoo",2784
2011,"CPFV Annual Report - Page 2.pdf","All","Whitefish, ocean",46675
2011,"CPFV Annual Report - Page 2.pdf","All","Yellowtail",71933
2011,"CPFV Annual Report - Page 2.pdf","Mexico","Barracuda, California",6361
2011,"CPFV Annual Report - Page 2.pdf","Mexico","Bass, barred sand",14217
2011,"CPFV Annual Report - Page 2.pdf","Mexico","Bass, giant (black) sea",1
2011,"CPFV Annual Report - Page 2.pdf","Mexico","Bass, kelp (calico)",5594
2011,"CPFV Annual Report - Page 2.pdf","Mexico","Bass, striped",0
2011,"CPFV Annual Report - Page 2.pdf","Mexico","Bonito, Pacific",243
2011,"CPFV Annual Report - Page 2.pdf","Mexico","Cabezon",24
2011,"CPFV Annual Report - Page 2.pdf","Mexico","Croaker, unspecified",0
2011,"CPFV Annual Report - Page 2.pdf","Mexico","Croaker, white",1
2011,"CPFV Annual Report - Page 2.pdf","Mexico","Dolphinfish",8118
2011,"CPFV Annual Report - Page 2.pdf","Mexico","Fishes, unspecified",681
2011,"CPFV Annual Report - Page 2.pdf","Mexico","Flatfishes, unspecified",24
2011,"CPFV Annual Report - Page 2.pdf","Mexico","Greenling, kelp",0
2011,"CPFV Annual Report - Page 2.pdf","Mexico","Halfmoon",5
2011,"CPFV Annual Report - Page 2.pdf","Mexico","Halibut, California",98
2011,"CPFV Annual Report - Page 2.pdf","Mexico","Invertebrates, unspecified",288
2011,"CPFV Annual Report - Page 2.pdf","Mexico","Lingcod",2319
2011,"CPFV Annual Report - Page 2.pdf","Mexico","Mackerel, jack",39
2011,"CPFV Annual Report - Page 2.pdf","Mexico","Mackerel, Pacific",265
2011,"CPFV Annual Report - Page 2.pdf","Mexico","Marlin, striped",3
2011,"CPFV Annual Report - Page 2.pdf","Mexico","Rockfish, blue",36
2011,"CPFV Annual Report - Page 2.pdf","Mexico","Rockfish, gopher",1302
2011,"CPFV Annual Report - Page 2.pdf","Mexico","Rockfishes, unspecified",52894
2011,"CPFV Annual Report - Page 2.pdf","Mexico","Salmon, king (Chinook)",0
2011,"CPFV Annual Report - Page 2.pdf","Mexico","Salmon, unspecified",0
2011,"CPFV Annual Report - Page 2.pdf","Mexico","Sanddab",862
2011,"CPFV Annual Report - Page 2.pdf","Mexico","Scorpionfish, California",10829
2011,"CPFV Annual Report - Page 2.pdf","Mexico","Seabass, white",264
2011,"CPFV Annual Report - Page 2.pdf","Mexico","Shark, blue",0
2011,"CPFV Annual Report - Page 2.pdf","Mexico","Shark, bonito (mako)",12
2011,"CPFV Annual Report - Page 2.pdf","Mexico","Shark, leopard",0
2011,"CPFV Annual Report - Page 2.pdf","Mexico","Shark, unspecified",4
2011,"CPFV Annual Report - Page 2.pdf","Mexico","Sheephead, California",1064
2011,"CPFV Annual Report - Page 2.pdf","Mexico","Sturgeon, unspecified",0
2011,"CPFV Annual Report - Page 2.pdf","Mexico","Tuna, albacore",254
2011,"CPFV Annual Report - Page 2.pdf","Mexico","Tuna, bluefin",28419
2011,"CPFV Annual Report - Page 2.pdf","Mexico","Tuna, skipjack",490
2011,"CPFV Annual Report - Page 2.pdf","Mexico","Tuna, yellowfin",34859
2011,"CPFV Annual Report - Page 2.pdf","Mexico","Wahoo",2784
2011,"CPFV Annual Report - Page 2.pdf","Mexico","Whitefish, ocean",8345
2011,"CPFV Annual Report - Page 2.pdf","Mexico","Yellowtail",68623
2012,"CPFV ANNUAL 1.pdf","All","Barracuda, California",57455
2012,"CPFV ANNUAL 1.pdf","All","Bass, barred sand",101574
2012,"CPFV ANNUAL 1.pdf","All","Bass, giant (black) sea",0
2012,"CPFV ANNUAL 1.pdf","All","Bass, kelp (calico)",140083
2012,"CPFV ANNUAL 1.pdf","All","Bass, striped",1050
2012,"CPFV ANNUAL 1.pdf","All","Bonito, Pacific",1329
2012,"CPFV ANNUAL 1.pdf","All","Cabezon",3316
2012,"CPFV ANNUAL 1.pdf","All","Croaker, unspecified",230
2012,"CPFV ANNUAL 1.pdf","All","Croaker, white",1757
2012,"CPFV ANNUAL 1.pdf","All","Dolphinfish",36064
2012,"CPFV ANNUAL 1.pdf","All","Fishes, unspecified",26527
2012,"CPFV ANNUAL 1.pdf","All","Flatfishes, unspecified",5299
2012,"CPFV ANNUAL 1.pdf","All","Greenling, kelp",2556
2012,"CPFV ANNUAL 1.pdf","All","Halfmoon",48802
2012,"CPFV ANNUAL 1.pdf","All","Halibut, California",3962
2012,"CPFV ANNUAL 1.pdf","All","Invertebrates, unspecified",97149
2012,"CPFV ANNUAL 1.pdf","All","Lingcod",39842
2012,"CPFV ANNUAL 1.pdf","All","Mackerel, jack",1404
2012,"CPFV ANNUAL 1.pdf","All","Mackerel, Pacific",18090
2012,"CPFV ANNUAL 1.pdf","All","Marlin, striped",5
2012,"CPFV ANNUAL 1.pdf","All","Rockfish, blue",63904
2012,"CPFV ANNUAL 1.pdf","All","Rockfish, gopher",52453
2012,"CPFV ANNUAL 1.pdf","All","Rockfishes, unspecified",1143701
2012,"CPFV ANNUAL 1.pdf","All","Salmon, king (Chinook)",39865
2012,"CPFV ANNUAL 1.pdf","All","Salmon, unspecified",4
2012,"CPFV ANNUAL 1.pdf","All","Sanddab",257636
2012,"CPFV ANNUAL 1.pdf","All","Scorpionfish, California",166843
2012,"CPFV ANNUAL 1.pdf","All","Seabass, white",4322
2012,"CPFV ANNUAL 1.pdf","All","Shark, blue",15
2012,"CPFV ANNUAL 1.pdf","All","Shark, bonito (mako)",221
2012,"CPFV ANNUAL 1.pdf","All","Shark, leopard",209
2012,"CPFV ANNUAL 1.pdf","All","Shark, unspecified",251
2012,"CPFV ANNUAL 1.pdf","All","Sheephead, California",32254
2012,"CPFV ANNUAL 1.pdf","All","Sturgeon, unspecified",106
2012,"CPFV ANNUAL 1.pdf","All","Tuna, albacore",6028
2012,"CPFV ANNUAL 1.pdf","All","Tuna, bluefin",39999
2012,"CPFV ANNUAL 1.pdf","All","Tuna, skipjack",833
2012,"CPFV ANNUAL 1.pdf","All","Tuna, yellowfin",86192
2012,"CPFV ANNUAL 1.pdf","All","Wahoo",4987
2012,"CPFV ANNUAL 1.pdf","All","Whitefish, ocean",48175
2012,"CPFV ANNUAL 1.pdf","All","Yellowtail",125490
2012,"CPFV ANNUAL 1.pdf","Mexico","Barracuda, California",6227
2012,"CPFV ANNUAL 1.pdf","Mexico","Bass, barred sand",3307
2012,"CPFV ANNUAL 1.pdf","Mexico","Bass, giant (black) sea",0
2012,"CPFV ANNUAL 1.pdf","Mexico","Bass, kelp (calico)",3656
2012,"CPFV ANNUAL 1.pdf","Mexico","Bass, striped",0
2012,"CPFV ANNUAL 1.pdf","Mexico","Bonito, Pacific",75
2012,"CPFV ANNUAL 1.pdf","Mexico","Cabezon",47
2012,"CPFV ANNUAL 1.pdf","Mexico","Croaker, unspecified",0
2012,"CPFV ANNUAL 1.pdf","Mexico","Croaker, white",44
2012,"CPFV ANNUAL 1.pdf","Mexico","Dolphinfish",29713
2012,"CPFV ANNUAL 1.pdf","Mexico","Fishes, unspecified",433
2012,"CPFV ANNUAL 1.pdf","Mexico","Flatfishes, unspecified",0
2012,"CPFV ANNUAL 1.pdf","Mexico","Greenling, kelp",0
2012,"CPFV ANNUAL 1.pdf","Mexico","Halfmoon",89
2012,"CPFV ANNUAL 1.pdf","Mexico","Halibut, California",234
2012,"CPFV ANNUAL 1.pdf","Mexico","Invertebrates, unspecified",0
2012,"CPFV ANNUAL 1.pdf","Mexico","Lingcod",2371
2012,"CPFV ANNUAL 1.pdf","Mexico","Mackerel, jack",0
2012,"CPFV ANNUAL 1.pdf","Mexico","Mackerel, Pacific",37
2012,"CPFV ANNUAL 1.pdf","Mexico","Marlin, striped",3
2012,"CPFV ANNUAL 1.pdf","Mexico","Rockfish, blue",52
2012,"CPFV ANNUAL 1.pdf","Mexico","Rockfish, gopher",561
2012,"CPFV ANNUAL 1.pdf","Mexico","Rockfishes, unspecified",18600
2012,"CPFV ANNUAL 1.pdf","Mexico","Salmon, king (Chinook)",0
2012,"CPFV ANNUAL 1.pdf","Mexico","Salmon, unspecified",0
2012,"CPFV ANNUAL 1.pdf","Mexico","Sanddab",35
2012,"CPFV ANNUAL 1.pdf","Mexico","Scorpionfish, California",3766
2012,"CPFV ANNUAL 1.pdf","Mexico","Seabass, white",128
2012,"CPFV ANNUAL 1.pdf","Mexico","Shark, blue",0
2012,"CPFV ANNUAL 1.pdf","Mexico","Shark, bonito (mako)",82
2012,"CPFV ANNUAL 1.pdf","Mexico","Shark, leopard",1
2012,"CPFV ANNUAL 1.pdf","Mexico","Shark, unspecified",2
2012,"CPFV ANNUAL 1.pdf","Mexico","Sheephead, California",506
2012,"CPFV ANNUAL 1.pdf","Mexico","Sturgeon, unspecified",0
2012,"CPFV ANNUAL 1.pdf","Mexico","Tuna, albacore",1690
2012,"CPFV ANNUAL 1.pdf","Mexico","Tuna, bluefin",34369
2012,"CPFV ANNUAL 1.pdf","Mexico","Tuna, skipjack",767
2012,"CPFV ANNUAL 1.pdf","Mexico","Tuna, yellowfin",79801
2012,"CPFV ANNUAL 1.pdf","Mexico","Wahoo",4987
2012,"CPFV ANNUAL 1.pdf","Mexico","Whitefish, ocean",2346
2012,"CPFV ANNUAL 1.pdf","Mexico","Yellowtail",111650
2013,"CPFV 1.pdf","All","Barracuda, California",38573
2013,"CPFV 1.pdf","All","Bass, barred sand",67887
2013,"CPFV 1.pdf","All","Bass, giant (black) sea",0
2013,"CPFV 1.pdf","All","Bass, kelp (calico)",45169
2013,"CPFV 1.pdf","All","Bass, striped",1171
2013,"CPFV 1.pdf","All","Bonito, Pacific",10018
2013,"CPFV 1.pdf","All","Cabezon",3592
2013,"CPFV 1.pdf","All","Croaker, unspecified",276
2013,"CPFV 1.pdf","All","Croaker, white",1447
2013,"CPFV 1.pdf","All","Dolphinfish",17300
2013,"CPFV 1.pdf","All","Fishes, unspecified",19916
2013,"CPFV 1.pdf","All","Flatfishes, unspecified",1461
2013,"CPFV 1.pdf","All","Greenling, kelp",1621
2013,"CPFV 1.pdf","All","Halfmoon",30541
2013,"CPFV 1.pdf","All","Halibut, California",3851
2013,"CPFV 1.pdf","All","Invertebrates, unspecified",116931
2013,"CPFV 1.pdf","All","Lingcod",62089
2013,"CPFV 1.pdf","All","Mackerel, jack",456
2013,"CPFV 1.pdf","All","Mackerel, Pacific",19162
2013,"CPFV 1.pdf","All","Marlin, striped",11
2013,"CPFV 1.pdf","All","Rockfish, blue",143200
2013,"CPFV 1.pdf","All","Rockfish, gopher",39148
2013,"CPFV 1.pdf","All","Rockfishes, unspecified",1516988
2013,"CPFV 1.pdf","All","Salmon, king (Chinook)",40266
2013,"CPFV 1.pdf","All","Salmon, unspecified",62
2013,"CPFV 1.pdf","All","Sanddab",270984
2013,"CPFV 1.pdf","All","Scorpionfish, California",195262
2013,"CPFV 1.pdf","All","Seabass, white",4914
2013,"CPFV 1.pdf","All","Shark, blue",9
2013,"CPFV 1.pdf","All","Shark, bonito (mako)",128
2013,"CPFV 1.pdf","All","Shark, leopard",529
2013,"CPFV 1.pdf","All","Shark, unspecified",605
2013,"CPFV 1.pdf","All","Sheephead, California",32373
2013,"CPFV 1.pdf","All","Sturgeon, unspecified",128
2013,"CPFV 1.pdf","All","Tuna, albacore",2855
2013,"CPFV 1.pdf","All","Tuna, bluefin",63214
2013,"CPFV 1.pdf","All","Tuna, skipjack",1052
2013,"CPFV 1.pdf","All","Tuna, yellowfin",53681
2013,"CPFV 1.pdf","All","Wahoo",6065
2013,"CPFV 1.pdf","All","Whitefish, ocean",62402
2013,"CPFV 1.pdf","All","Yellowtail",169520
2013,"CPFV 1.pdf","Mexico","Barracuda, California",4003
2013,"CPFV 1.pdf","Mexico","Bass, barred sand",11511
2013,"CPFV 1.pdf","Mexico","Bass, giant (black) sea",0
2013,"CPFV 1.pdf","Mexico","Bass, kelp (calico)",2898
2013,"CPFV 1.pdf","Mexico","Bass, striped",0
2013,"CPFV 1.pdf","Mexico","Bonito, Pacific",375
2013,"CPFV 1.pdf","Mexico","Cabezon",49
2013,"CPFV 1.pdf","Mexico","Croaker, unspecified",0
2013,"CPFV 1.pdf","Mexico","Croaker, white",3
2013,"CPFV 1.pdf","Mexico","Dolphinfish",15493
2013,"CPFV 1.pdf","Mexico","Fishes, unspecified",636
2013,"CPFV 1.pdf","Mexico","Flatfishes, unspecified",0
2013,"CPFV 1.pdf","Mexico","Greenling, kelp",0
2013,"CPFV 1.pdf","Mexico","Halfmoon",343
2013,"CPFV 1.pdf","Mexico","Halibut, California",241
2013,"CPFV 1.pdf","Mexico","Invertebrates, unspecified",5
2013,"CPFV 1.pdf","Mexico","Lingcod",2842
2013,"CPFV 1.pdf","Mexico","Mackerel, jack",87
2013,"CPFV 1.pdf","Mexico","Mackerel, Pacific",116
2013,"CPFV 1.pdf","Mexico","Marlin, striped",5
2013,"CPFV 1.pdf","Mexico","Rockfish, blue",286
2013,"CPFV 1.pdf","Mexico","Rockfish, gopher",998
2013,"CPFV 1.pdf","Mexico","Rockfishes, unspecified",46871
2013,"CPFV 1.pdf","Mexico","Salmon, king (Chinook)",0
2013,"CPFV 1.pdf","Mexico","Salmon, unspecified",0
2013,"CPFV 1.pdf","Mexico","Sanddab",445
2013,"CPFV 1.pdf","Mexico","Scorpionfish, California",7467
2013,"CPFV 1.pdf","Mexico","Seabass, white",243
2013,"CPFV 1.pdf","Mexico","Shark, blue",0
2013,"CPFV 1.pdf","Mexico","Shark, bonito (mako)",8
2013,"CPFV 1.pdf","Mexico","Shark, leopard",0
2013,"CPFV 1.pdf","Mexico","Shark, unspecified",1
2013,"CPFV 1.pdf","Mexico","Sheephead, California",766
2013,"CPFV 1.pdf","Mexico","Sturgeon, unspecified",0
2013,"CPFV 1.pdf","Mexico","Tuna, albacore",23
2013,"CPFV 1.pdf","Mexico","Tuna, bluefin",56710
2013,"CPFV 1.pdf","Mexico","Tuna, skipjack",993
2013,"CPFV 1.pdf","Mexico","Tuna, yellowfin",50219
2013,"CPFV 1.pdf","Mexico","Wahoo",6065
2013,"CPFV 1.pdf","Mexico","Whitefish, ocean",8299
2013,"CPFV 1.pdf","Mexico","Yellowtail",148147
2014,"Annual CPFV 1.pdf","All","Barracuda, California",24289
2014,"Annual CPFV 1.pdf","All","Bass, barred sand",39913
2014,"Annual CPFV 1.pdf","All","Bass, giant (black) sea",0
2014,"Annual CPFV 1.pdf","All","Bass, kelp (calico)",90899
2014,"Annual CPFV 1.pdf","All","Bass, striped",5462
2014,"Annual CPFV 1.pdf","All","Bonito, Pacific",96654
2014,"Annual CPFV 1.pdf","All","Cabezon",3807
2014,"Annual CPFV 1.pdf","All","Croaker, unspecified",315
2014,"Annual CPFV 1.pdf","All","Croaker, white",1034
2014,"Annual CPFV 1.pdf","All","Dolphinfish",22089
2014,"Annual CPFV 1.pdf","All","Fishes, unspecified",34921
2014,"Annual CPFV 1.pdf","All","Flatfishes, unspecified",823
2014,"Annual CPFV 1.pdf","All","Greenling, kelp",2738
2014,"Annual CPFV 1.pdf","All","Halfmoon",25260
2014,"Annual CPFV 1.pdf","All","Halibut, California",4334
2014,"Annual CPFV 1.pdf","All","Invertebrates, unspecified",111177
2014,"Annual CPFV 1.pdf","All","Lingcod",77071
2014,"Annual CPFV 1.pdf","All","Mackerel, jack",450
2014,"Annual CPFV 1.pdf","All","Mackerel, Pacific",48435
2014,"Annual CPFV 1.pdf","All","Marlin, striped",9
2014,"Annual CPFV 1.pdf","All","Rockfish, blue",201975
2014,"Annual CPFV 1.pdf","All","Rockfish, gopher",47388
2014,"Annual CPFV 1.pdf","All","Rockfishes, unspecified",1287130
2014,"Annual CPFV 1.pdf","All","Salmon, king (Chinook)",28127
2014,"Annual CPFV 1.pdf","All","Salmon, unspecified",13
2014,"Annual CPFV 1.pdf","All","Sanddab",381961
2014,"Annual CPFV 1.pdf","All","Scorpionfish, California",140263
2014,"Annual CPFV 1.pdf","All","Seabass, white",5520
2014,"Annual CPFV 1.pdf","All","Shark, blue",4
2014,"Annual CPFV 1.pdf","All","Shark, bonito (mako)",158
2014,"Annual CPFV 1.pdf","All","Shark, leopard",766
2014,"Annual CPFV 1.pdf","All","Shark, unspecified",807
2014,"Annual CPFV 1.pdf","All","Sheephead, California",34872
2014,"Annual CPFV 1.pdf","All","Sturgeon, unspecified",13
2014,"Annual CPFV 1.pdf","All","Tuna, albacore",95
2014,"Annual CPFV 1.pdf","All","Tuna, bluefin",26311
2014,"Annual CPFV 1.pdf","All","Tuna, skipjack",16028
2014,"Annual CPFV 1.pdf","All","Tuna, yellowfin",255034
2014,"Annual CPFV 1.pdf","All","Wahoo",6178
2014,"Annual CPFV 1.pdf","All","Whitefish, ocean",57304
2014,"Annual CPFV 1.pdf","All","Yellowtail",176023
2014,"Annual CPFV 1.pdf","Mexico","Barracuda, California",2017
2014,"Annual CPFV 1.pdf","Mexico","Bass, barred sand",379
2014,"Annual CPFV 1.pdf","Mexico","Bass, giant (black) sea",0
2014,"Annual CPFV 1.pdf","Mexico","Bass, kelp (calico)",3730
2014,"Annual CPFV 1.pdf","Mexico","Bass, striped",0
2014,"Annual CPFV 1.pdf","Mexico","Bonito, Pacific",6186
2014,"Annual CPFV 1.pdf","Mexico","Cabezon",46
2014,"Annual CPFV 1.pdf","Mexico","Croaker, unspecified",1
2014,"Annual CPFV 1.pdf","Mexico","Croaker, white",23
2014,"Annual CPFV 1.pdf","Mexico","Dolphinfish",17281
2014,"Annual CPFV 1.pdf","Mexico","Fishes, unspecified",714
2014,"Annual CPFV 1.pdf","Mexico","Flatfishes, unspecified",0
2014,"Annual CPFV 1.pdf","Mexico","Greenling, kelp",0
2014,"Annual CPFV 1.pdf","Mexico","Halfmoon",62
2014,"Annual CPFV 1.pdf","Mexico","Halibut, California",206
2014,"Annual CPFV 1.pdf","Mexico","Invertebrates, unspecified",2
2014,"Annual CPFV 1.pdf","Mexico","Lingcod",2262
2014,"Annual CPFV 1.pdf","Mexico","Mackerel, jack",54
2014,"Annual CPFV 1.pdf","Mexico","Mackerel, Pacific",157
2014,"Annual CPFV 1.pdf","Mexico","Marlin, striped",6
2014,"Annual CPFV 1.pdf","Mexico","Rockfish, blue",194
2014,"Annual CPFV 1.pdf","Mexico","Rockfish, gopher",428
2014,"Annual CPFV 1.pdf","Mexico","Rockfishes, unspecified",25339
2014,"Annual CPFV 1.pdf","Mexico","Salmon, king (Chinook)",0
2014,"Annual CPFV 1.pdf","Mexico","Salmon, unspecified",0
2014,"Annual CPFV 1.pdf","Mexico","Sanddab",80
2014,"Annual CPFV 1.pdf","Mexico","Scorpionfish, California",1990
2014,"Annual CPFV 1.pdf","Mexico","Seabass, white",120
2014,"Annual CPFV 1.pdf","Mexico","Shark, blue",0
2014,"Annual CPFV 1.pdf","Mexico","Shark, bonito (mako)",3
2014,"Annual CPFV 1.pdf","Mexico","Shark, leopard",0
2014,"Annual CPFV 1.pdf","Mexico","Shark, unspecified",0
2014,"Annual CPFV 1.pdf","Mexico","Sheephead, California",664
2014,"Annual CPFV 1.pdf","Mexico","Sturgeon, unspecified",0
2014,"Annual CPFV 1.pdf","Mexico","Tuna, albacore",0
2014,"Annual CPFV 1.pdf","Mexico","Tuna, bluefin",7851
2014,"Annual CPFV 1.pdf","Mexico","Tuna, skipjack",3396
2014,"Annual CPFV 1.pdf","Mexico","Tuna, yellowfin",147207
2014,"Annual CPFV 1.pdf","Mexico","Wahoo",6170
2014,"Annual CPFV 1.pdf","Mexico","Whitefish, ocean",3397
2014,"Annual CPFV 1.pdf","Mexico","Yellowtail",104177
2015,"Annual CPFV 1.pdf","All","Barracuda, California",18758
2015,"Annual CPFV 1.pdf","All","Bass, barred sand",31997
2015,"Annual CPFV 1.pdf","All","Bass, giant (black) sea",0
2015,"Annual CPFV 1.pdf","All","Bass, kelp (calico)",109475
2015,"Annual CPFV 1.pdf","All","Bass, striped",19689
2015,"Annual CPFV 1.pdf","All","Bonito, Pacific",117026
2015,"Annual CPFV 1.pdf","All","Cabezon",4725
2015,"Annual CPFV 1.pdf","All","Croaker, unspecified",96
2015,"Annual CPFV 1.pdf","All","Croaker, white",608
2015,"Annual CPFV 1.pdf","All","Dolphinfish",36394
2015,"Annual CPFV 1.pdf","All","Fishes, unspecified",22901
2015,"Annual CPFV 1.pdf","All","Flatfishes, unspecified",882
2015,"Annual CPFV 1.pdf","All","Greenling, kelp",3255
2015,"Annual CPFV 1.pdf","All","Halfmoon",14885
2015,"Annual CPFV 1.pdf","All","Halibut, California",3682
2015,"Annual CPFV 1.pdf","All","Invertebrates, unspecified",53952
2015,"Annual CPFV 1.pdf","All","Lingcod",114594
2015,"Annual CPFV 1.pdf","All","Mackerel, jack",549
2015,"Annual CPFV 1.pdf","All","Mackerel, Pacific",36739
2015,"Annual CPFV 1.pdf","All","Marlin, striped",37
2015,"Annual CPFV 1.pdf","All","Rockfish, blue",244122
2015,"Annual CPFV 1.pdf","All","Rockfish, gopher",45168
2015,"Annual CPFV 1.pdf","All","Rockfishes, unspecified",1279680
2015,"Annual CPFV 1.pdf","All","Salmon, king (Chinook)",21839
2015,"Annual CPFV 1.pdf","All","Salmon, unspecified",143
2015,"Annual CPFV 1.pdf","All","Sanddab",205382
2015,"Annual CPFV 1.pdf","All","Scorpionfish, California",89434
2015,"Annual CPFV 1.pdf","All","Seabass, white",1904
2015,"Annual CPFV 1.pdf","All","Shark, blue",11
2015,"Annual CPFV 1.pdf","All","Shark, bonito (mako)",44
2015,"Annual CPFV 1.pdf","All","Shark, leopard",760
2015,"Annual CPFV 1.pdf","All","Shark, unspecified",564
2015,"Annual CPFV 1.pdf","All","Sheephead, California",22707
2015,"Annual CPFV 1.pdf","All","Sturgeon, unspecified",45
2015,"Annual CPFV 1.pdf","All","Tuna, albacore",134
2015,"Annual CPFV 1.pdf","All","Tuna, bluefin",21345
2015,"Annual CPFV 1.pdf","All","Tuna, skipjack",35299
2015,"Annual CPFV 1.pdf","All","Tuna, yellowfin",201363
2015,"Annual CPFV 1.pdf","All","Wahoo",10699
2015,"Annual CPFV 1.pdf","All","Whitefish, ocean",71026
2015,"Annual CPFV 1.pdf","All","Yellowtail",248468
2015,"Annual CPFV 1.pdf","Mexico","Barracuda, California",504
2015,"Annual CPFV 1.pdf","Mexico","Bass, barred sand",163
2015,"Annual CPFV 1.pdf","Mexico","Bass, giant (black) sea",0
2015,"Annual CPFV 1.pdf","Mexico","Bass, kelp (calico)",1538
2015,"Annual CPFV 1.pdf","Mexico","Bass, striped",0
2015,"Annual CPFV 1.pdf","Mexico","Bonito, Pacific",2955
2015,"Annual CPFV 1.pdf","Mexico","Cabezon",14
2015,"Annual CPFV 1.pdf","Mexico","Croaker, unspecified",2
2015,"Annual CPFV 1.pdf","Mexico","Croaker, white",9
2015,"Annual CPFV 1.pdf","Mexico","Dolphinfish",22233
2015,"Annual CPFV 1.pdf","Mexico","Fishes, unspecified",712
2015,"Annual CPFV 1.pdf","Mexico","Flatfishes, unspecified",1
2015,"Annual CPFV 1.pdf","Mexico","Greenling, kelp",0
2015,"Annual CPFV 1.pdf","Mexico","Halfmoon",1
2015,"Annual CPFV 1.pdf","Mexico","Halibut, California",126
2015,"Annual CPFV 1.pdf","Mexico","Invertebrates, unspecified",0
2015,"Annual CPFV 1.pdf","Mexico","Lingcod",1815
2015,"Annual CPFV 1.pdf","Mexico","Mackerel, jack",0
2015,"Annual CPFV 1.pdf","Mexico","Mackerel, Pacific",2
2015,"Annual CPFV 1.pdf","Mexico","Marlin, striped",7
2015,"Annual CPFV 1.pdf","Mexico","Rockfish, blue",228
2015,"Annual CPFV 1.pdf","Mexico","Rockfish, gopher",64
2015,"Annual CPFV 1.pdf","Mexico","Rockfishes, unspecified",18312
2015,"Annual CPFV 1.pdf","Mexico","Salmon, king (Chinook)",0
2015,"Annual CPFV 1.pdf","Mexico","Salmon, unspecified",0
2015,"Annual CPFV 1.pdf","Mexico","Sanddab",37
2015,"Annual CPFV 1.pdf","Mexico","Scorpionfish, California",418
2015,"Annual CPFV 1.pdf","Mexico","Seabass, white",157
2015,"Annual CPFV 1.pdf","Mexico","Shark, blue",0
2015,"Annual CPFV 1.pdf","Mexico","Shark, bonito (mako)",0
2015,"Annual CPFV 1.pdf","Mexico","Shark, leopard",0
2015,"Annual CPFV 1.pdf","Mexico","Shark, unspecified",0
2015,"Annual CPFV 1.pdf","Mexico","Sheephead, California",599
2015,"Annual CPFV 1.pdf","Mexico","Sturgeon, unspecified",0
2015,"Annual CPFV 1.pdf","Mexico","Tuna, albacore",0
2015,"Annual CPFV 1.pdf","Mexico","Tuna, bluefin",272
2015,"Annual CPFV 1.pdf","Mexico","Tuna, skipjack",8601
2015,"Annual CPFV 1.pdf","Mexico","Tuna, yellowfin",92991
2015,"Annual CPFV 1.pdf","Mexico","Wahoo",10531
2015,"Annual CPFV 1.pdf","Mexico","Whitefish, ocean",2765
2015,"Annual CPFV 1.pdf","Mexico","Yellowtail",116524
2016,"AnnualStateWideReport.pdf","All","Barracuda, California",11454
2016,"AnnualStateWideReport.pdf","All","Bass, barred sand",11124
2016,"AnnualStateWideReport.pdf","All","Bass, giant (black) sea",1
2016,"AnnualStateWideReport.pdf","All","Bass, kelp (calico)",119524
2016,"AnnualStateWideReport.pdf","All","Bass, striped",7794
2016,"AnnualStateWideReport.pdf","All","Bonito, Pacific",91124
2016,"AnnualStateWideReport.pdf","All","Cabezon",3480
2016,"AnnualStateWideReport.pdf","All","Croaker, unspecified",207
2016,"AnnualStateWideReport.pdf","All","Croaker, white",187
2016,"AnnualStateWideReport.pdf","All","Dolphinfish",3893
2016,"AnnualStateWideReport.pdf","All","Fishes, unspecified",12857
2016,"AnnualStateWideReport.pdf","All","Flatfishes, unspecified",1488
2016,"AnnualStateWideReport.pdf","All","Greenling, kelp",3170
2016,"AnnualStateWideReport.pdf","All","Halfmoon",40125
2016,"AnnualStateWideReport.pdf","All","Halibut, California",4131
2016,"AnnualStateWideReport.pdf","All","Invertebrates, unspecified",169545
2016,"AnnualStateWideReport.pdf","All","Lingcod",101151
2016,"AnnualStateWideReport.pdf","All","Mackerel, jack",901
2016,"AnnualStateWideReport.pdf","All","Mackerel, Pacific",14646
2016,"AnnualStateWideReport.pdf","All","Marlin, striped",7
2016,"AnnualStateWideReport.pdf","All","Rockfish, blue",181167
2016,"AnnualStateWideReport.pdf","All","Rockfish, gopher",49779
2016,"AnnualStateWideReport.pdf","All","Rockfishes, unspecified",1166996
2016,"AnnualStateWideReport.pdf","All","Salmon, king (Chinook)",19238
2016,"AnnualStateWideReport.pdf","All","Salmon, unspecified",49
2016,"AnnualStateWideReport.pdf","All","Sanddab",112318
2016,"AnnualStateWideReport.pdf","All","Scorpionfish, California",75474
2016,"AnnualStateWideReport.pdf","All","Seabass, white",1952
2016,"AnnualStateWideReport.pdf","All","Shark, blue",17
2016,"AnnualStateWideReport.pdf","All","Shark, bonito (mako)",78
2016,"AnnualStateWideReport.pdf","All","Shark, leopard",1617
2016,"AnnualStateWideReport.pdf","All","Shark, unspecified",261
2016,"AnnualStateWideReport.pdf","All","Sheephead, California",25415
2016,"AnnualStateWideReport.pdf","All","Sturgeon, unspecified",7
2016,"AnnualStateWideReport.pdf","All","Tuna, albacore",55
2016,"AnnualStateWideReport.pdf","All","Tuna, bluefin",9335
2016,"AnnualStateWideReport.pdf","All","Tuna, skipjack",381
2016,"AnnualStateWideReport.pdf","All","Tuna, yellowfin",70449
2016,"AnnualStateWideReport.pdf","All","Wahoo",12303
2016,"AnnualStateWideReport.pdf","All","Whitefish, ocean",119768
2016,"AnnualStateWideReport.pdf","All","Yellowtail",145982
2016,"AnnualStateWideReport.pdf","Mexico","Barracuda, California",721
2016,"AnnualStateWideReport.pdf","Mexico","Bass, barred sand",212
2016,"AnnualStateWideReport.pdf","Mexico","Bass, giant (black) sea",1
2016,"AnnualStateWideReport.pdf","Mexico","Bass, kelp (calico)",931
2016,"AnnualStateWideReport.pdf","Mexico","Bass, striped",0
2016,"AnnualStateWideReport.pdf","Mexico","Bonito, Pacific",2330
2016,"AnnualStateWideReport.pdf","Mexico","Cabezon",2
2016,"AnnualStateWideReport.pdf","Mexico","Croaker, unspecified",30
2016,"AnnualStateWideReport.pdf","Mexico","Croaker, white",11
2016,"AnnualStateWideReport.pdf","Mexico","Dolphinfish",3443
2016,"AnnualStateWideReport.pdf","Mexico","Fishes, unspecified",1521
2016,"AnnualStateWideReport.pdf","Mexico","Flatfishes, unspecified",11
2016,"AnnualStateWideReport.pdf","Mexico","Greenling, kelp",0
2016,"AnnualStateWideReport.pdf","Mexico","Halfmoon",17
2016,"AnnualStateWideReport.pdf","Mexico","Halibut, California",39
2016,"AnnualStateWideReport.pdf","Mexico","Invertebrates, unspecified",0
2016,"AnnualStateWideReport.pdf","Mexico","Lingcod",680
2016,"AnnualStateWideReport.pdf","Mexico","Mackerel, jack",0
2016,"AnnualStateWideReport.pdf","Mexico","Mackerel, Pacific",0
2016,"AnnualStateWideReport.pdf","Mexico","Marlin, striped",4
2016,"AnnualStateWideReport.pdf","Mexico","Rockfish, blue",57
2016,"AnnualStateWideReport.pdf","Mexico","Rockfish, gopher",64
2016,"AnnualStateWideReport.pdf","Mexico","Rockfishes, unspecified",13047
2016,"AnnualStateWideReport.pdf","Mexico","Salmon, king (Chinook)",0
2016,"AnnualStateWideReport.pdf","Mexico","Salmon, unspecified",0
2016,"AnnualStateWideReport.pdf","Mexico","Sanddab",3
2016,"AnnualStateWideReport.pdf","Mexico","Scorpionfish, California",683
2016,"AnnualStateWideReport.pdf","Mexico","Seabass, white",136
2016,"AnnualStateWideReport.pdf","Mexico","Shark, blue",16
2016,"AnnualStateWideReport.pdf","Mexico","Shark, bonito (mako)",4
2016,"AnnualStateWideReport.pdf","Mexico","Shark, leopard",0
2016,"AnnualStateWideReport.pdf","Mexico","Shark, unspecified",1
2016,"AnnualStateWideReport.pdf","Mexico","Sheephead, California",241
2016,"AnnualStateWideReport.pdf","Mexico","Sturgeon, unspecified",0
2016,"AnnualStateWideReport.pdf","Mexico","Tuna, albacore",1
2016,"AnnualStateWideReport.pdf","Mexico","Tuna, bluefin",1123
2016,"AnnualStateWideReport.pdf","Mexico","Tuna, skipjack",267
2016,"AnnualStateWideReport.pdf","Mexico","Tuna, yellowfin",50612
2016,"AnnualStateWideReport.pdf","Mexico","Wahoo",12303
2016,"AnnualStateWideReport.pdf","Mexico","Whitefish, ocean",1616
2016,"AnnualStateWideReport.pdf","Mexico","Yellowtail",67324
2017,"AnnualStateWideReport.pdf","All","Barracuda, California",17530
2017,"AnnualStateWideReport.pdf","All","Bass, barred sand",22164
2017,"AnnualStateWideReport.pdf","All","Bass, giant (black) sea",4
2017,"AnnualStateWideReport.pdf","All","Bass, kelp (calico)",77968
2017,"AnnualStateWideReport.pdf","All","Bass, striped",8730
2017,"AnnualStateWideReport.pdf","All","Bonito, Pacific",78781
2017,"AnnualStateWideReport.pdf","All","Cabezon",2102
2017,"AnnualStateWideReport.pdf","All","Croaker, unspecified",261
2017,"AnnualStateWideReport.pdf","All","Croaker, white",221
2017,"AnnualStateWideReport.pdf","All","Dolphinfish",15039
2017,"AnnualStateWideReport.pdf","All","Fishes, unspecified",13848
2017,"AnnualStateWideReport.pdf","All","Flatfishes, unspecified",2780
2017,"AnnualStateWideReport.pdf","All","Greenling, kelp",2275
2017,"AnnualStateWideReport.pdf","All","Halfmoon",13286
2017,"AnnualStateWideReport.pdf","All","Halibut, California",9432
2017,"AnnualStateWideReport.pdf","All","Invertebrates, unspecified",107757
2017,"AnnualStateWideReport.pdf","All","Lingcod",83223
2017,"AnnualStateWideReport.pdf","All","Mackerel, jack",1053
2017,"AnnualStateWideReport.pdf","All","Mackerel, Pacific",15599
2017,"AnnualStateWideReport.pdf","All","Marlin, striped",10
2017,"AnnualStateWideReport.pdf","All","Rockfish, blue",224797
2017,"AnnualStateWideReport.pdf","All","Rockfish, gopher",26947
2017,"AnnualStateWideReport.pdf","All","Rockfishes, unspecified",1254603
2017,"AnnualStateWideReport.pdf","All","Salmon, king (Chinook)",32035
2017,"AnnualStateWideReport.pdf","All","Salmon, unspecified",44
2017,"AnnualStateWideReport.pdf","All","Sanddab",91241
2017,"AnnualStateWideReport.pdf","All","Scorpionfish, California",94192
2017,"AnnualStateWideReport.pdf","All","Seabass, white",3454
2017,"AnnualStateWideReport.pdf","All","Shark, blue",91
2017,"AnnualStateWideReport.pdf","All","Shark, bonito (mako)",107
2017,"AnnualStateWideReport.pdf","All","Shark, leopard",809
2017,"AnnualStateWideReport.pdf","All","Shark, unspecified",258
2017,"AnnualStateWideReport.pdf","All","Sheephead, California",25822
2017,"AnnualStateWideReport.pdf","All","Sturgeon, unspecified",14
2017,"AnnualStateWideReport.pdf","All","Tuna, albacore",1070
2017,"AnnualStateWideReport.pdf","All","Tuna, bluefin",14232
2017,"AnnualStateWideReport.pdf","All","Tuna, skipjack",4865
2017,"AnnualStateWideReport.pdf","All","Tuna, yellowfin",76024
2017,"AnnualStateWideReport.pdf","All","Wahoo",4465
2017,"AnnualStateWideReport.pdf","All","Whitefish, ocean",234095
2017,"AnnualStateWideReport.pdf","All","Yellowtail",144365
2017,"AnnualStateWideReport.pdf","Mexico","Barracuda, California",484
2017,"AnnualStateWideReport.pdf","Mexico","Bass, barred sand",72
2017,"AnnualStateWideReport.pdf","Mexico","Bass, giant (black) sea",2
2017,"AnnualStateWideReport.pdf","Mexico","Bass, kelp (calico)",1812
2017,"AnnualStateWideReport.pdf","Mexico","Bass, striped",0
2017,"AnnualStateWideReport.pdf","Mexico","Bonito, Pacific",5506
2017,"AnnualStateWideReport.pdf","Mexico","Cabezon",0
2017,"AnnualStateWideReport.pdf","Mexico","Croaker, unspecified",0
2017,"AnnualStateWideReport.pdf","Mexico","Croaker, white",0
2017,"AnnualStateWideReport.pdf","Mexico","Dolphinfish",12600
2017,"AnnualStateWideReport.pdf","Mexico","Fishes, unspecified",1247
2017,"AnnualStateWideReport.pdf","Mexico","Flatfishes, unspecified",7
2017,"AnnualStateWideReport.pdf","Mexico","Greenling, kelp",0
2017,"AnnualStateWideReport.pdf","Mexico","Halfmoon",0
2017,"AnnualStateWideReport.pdf","Mexico","Halibut, California",15
2017,"AnnualStateWideReport.pdf","Mexico","Invertebrates, unspecified",0
2017,"AnnualStateWideReport.pdf","Mexico","Lingcod",596
2017,"AnnualStateWideReport.pdf","Mexico","Mackerel, jack",0
2017,"AnnualStateWideReport.pdf","Mexico","Mackerel, Pacific",23
2017,"AnnualStateWideReport.pdf","Mexico","Marlin, striped",3
2017,"AnnualStateWideReport.pdf","Mexico","Rockfish, blue",28
2017,"AnnualStateWideReport.pdf","Mexico","Rockfish, gopher",43
2017,"AnnualStateWideReport.pdf","Mexico","Rockfishes, unspecified",10752
2017,"AnnualStateWideReport.pdf","Mexico","Salmon, king (Chinook)",0
2017,"AnnualStateWideReport.pdf","Mexico","Salmon, unspecified",0
2017,"AnnualStateWideReport.pdf","Mexico","Sanddab",1
2017,"AnnualStateWideReport.pdf","Mexico","Scorpionfish, California",231
2017,"AnnualStateWideReport.pdf","Mexico","Seabass, white",30
2017,"AnnualStateWideReport.pdf","Mexico","Shark, blue",0
2017,"AnnualStateWideReport.pdf","Mexico","Shark, bonito (mako)",4
2017,"AnnualStateWideReport.pdf","Mexico","Shark, leopard",0
2017,"AnnualStateWideReport.pdf","Mexico","Shark, unspecified",0
2017,"AnnualStateWideReport.pdf","Mexico","Sheephead, California",351
2017,"AnnualStateWideReport.pdf","Mexico","Sturgeon, unspecified",0
2017,"AnnualStateWideReport.pdf","Mexico","Tuna, albacore",0
2017,"AnnualStateWideReport.pdf","Mexico","Tuna, bluefin",3713
2017,"AnnualStateWideReport.pdf","Mexico","Tuna, skipjack",2969
2017,"AnnualStateWideReport.pdf","Mexico","Tuna, yellowfin",63603
2017,"AnnualStateWideReport.pdf","Mexico","Wahoo",4462
2017,"AnnualStateWideReport.pdf","Mexico","Whitefish, ocean",1063
2017,"AnnualStateWideReport.pdf","Mexico","Yellowtail",81722
2018,"AnnualStateWideReport_07192019.pdf","All","Barracuda, California",16217
2018,"AnnualStateWideReport_07192019.pdf","All","Bass, barred sand",25201
2018,"AnnualStateWideReport_07192019.pdf","All","Bass, giant (black) sea",0
2018,"AnnualStateWideReport_07192019.pdf","All","Bass, kelp (calico)",106031
2018,"AnnualStateWideReport_07192019.pdf","All","Bass, striped",15375
2018,"AnnualStateWideReport_07192019.pdf","All","Bonito, Pacific",84315
2018,"AnnualStateWideReport_07192019.pdf","All","Cabezon",2507
2018,"AnnualStateWideReport_07192019.pdf","All","Croaker, unspecified",100
2018,"AnnualStateWideReport_07192019.pdf","All","Croaker, white",373
2018,"AnnualStateWideReport_07192019.pdf","All","Dolphinfish",11964
2018,"AnnualStateWideReport_07192019.pdf","All","Fishes, unspecified",28802
2018,"AnnualStateWideReport_07192019.pdf","All","Flatfishes, unspecified",5952
2018,"AnnualStateWideReport_07192019.pdf","All","Greenling, kelp",2525
2018,"AnnualStateWideReport_07192019.pdf","All","Halfmoon",29814
2018,"AnnualStateWideReport_07192019.pdf","All","Halibut, California",16192
2018,"AnnualStateWideReport_07192019.pdf","All","Invertebrates, unspecified",164182
2018,"AnnualStateWideReport_07192019.pdf","All","Lingcod",59741
2018,"AnnualStateWideReport_07192019.pdf","All","Mackerel, jack",1136
2018,"AnnualStateWideReport_07192019.pdf","All","Mackerel, Pacific",13241
2018,"AnnualStateWideReport_07192019.pdf","All","Marlin, striped",3
2018,"AnnualStateWideReport_07192019.pdf","All","Rockfish, blue",266877
2018,"AnnualStateWideReport_07192019.pdf","All","Rockfish, gopher",24668
2018,"AnnualStateWideReport_07192019.pdf","All","Rockfishes, unspecified",1269530
2018,"AnnualStateWideReport_07192019.pdf","All","Salmon, king (Chinook)",44908
2018,"AnnualStateWideReport_07192019.pdf","All","Salmon, unspecified",748
2018,"AnnualStateWideReport_07192019.pdf","All","Sanddab",142410
2018,"AnnualStateWideReport_07192019.pdf","All","Scorpionfish, California",113984
2018,"AnnualStateWideReport_07192019.pdf","All","Seabass, white",2864
2018,"AnnualStateWideReport_07192019.pdf","All","Shark, blue",1
2018,"AnnualStateWideReport_07192019.pdf","All","Shark, bonito (mako)",137
2018,"AnnualStateWideReport_07192019.pdf","All","Shark, leopard",609
2018,"AnnualStateWideReport_07192019.pdf","All","Shark, unspecified",407
2018,"AnnualStateWideReport_07192019.pdf","All","Sheephead, California",29361
2018,"AnnualStateWideReport_07192019.pdf","All","Sturgeon, unspecified",19
2018,"AnnualStateWideReport_07192019.pdf","All","Tuna, albacore",1353
2018,"AnnualStateWideReport_07192019.pdf","All","Tuna, bluefin",12655
2018,"AnnualStateWideReport_07192019.pdf","All","Tuna, skipjack",50576
2018,"AnnualStateWideReport_07192019.pdf","All","Tuna, yellowfin",104046
2018,"AnnualStateWideReport_07192019.pdf","All","Wahoo",6398
2018,"AnnualStateWideReport_07192019.pdf","All","Whitefish, ocean",391746
2018,"AnnualStateWideReport_07192019.pdf","All","Yellowtail",100602
2018,"AnnualStateWideReport_07192019.pdf","Mexico","Barracuda, California",894
2018,"AnnualStateWideReport_07192019.pdf","Mexico","Bass, barred sand",350
2018,"AnnualStateWideReport_07192019.pdf","Mexico","Bass, giant (black) sea",0
2018,"AnnualStateWideReport_07192019.pdf","Mexico","Bass, kelp (calico)",5150
2018,"AnnualStateWideReport_07192019.pdf","Mexico","Bass, striped",0
2018,"AnnualStateWideReport_07192019.pdf","Mexico","Bonito, Pacific",6668
2018,"AnnualStateWideReport_07192019.pdf","Mexico","Cabezon",1
2018,"AnnualStateWideReport_07192019.pdf","Mexico","Croaker, unspecified",21
2018,"AnnualStateWideReport_07192019.pdf","Mexico","Croaker, white",1
2018,"AnnualStateWideReport_07192019.pdf","Mexico","Dolphinfish",8917
2018,"AnnualStateWideReport_07192019.pdf","Mexico","Fishes, unspecified",806
2018,"AnnualStateWideReport_07192019.pdf","Mexico","Flatfishes, unspecified",1
2018,"AnnualStateWideReport_07192019.pdf","Mexico","Greenling, kelp",9
2018,"AnnualStateWideReport_07192019.pdf","Mexico","Halfmoon",0
2018,"AnnualStateWideReport_07192019.pdf","Mexico","Halibut, California",51
2018,"AnnualStateWideReport_07192019.pdf","Mexico","Invertebrates, unspecified",0
2018,"AnnualStateWideReport_07192019.pdf","Mexico","Lingcod",518
2018,"AnnualStateWideReport_07192019.pdf","Mexico","Mackerel, jack",0
2018,"AnnualStateWideReport_07192019.pdf","Mexico","Mackerel, Pacific",68
2018,"AnnualStateWideReport_07192019.pdf","Mexico","Marlin, striped",3
2018,"AnnualStateWideReport_07192019.pdf","Mexico","Rockfish, blue",12
2018,"AnnualStateWideReport_07192019.pdf","Mexico","Rockfish, gopher",23
2018,"AnnualStateWideReport_07192019.pdf","Mexico","Rockfishes, unspecified",16799
2018,"AnnualStateWideReport_07192019.pdf","Mexico","Salmon, king (Chinook)",0
2018,"AnnualStateWideReport_07192019.pdf","Mexico","Salmon, unspecified",0
2018,"AnnualStateWideReport_07192019.pdf","Mexico","Sanddab",14
2018,"AnnualStateWideReport_07192019.pdf","Mexico","Scorpionfish, California",244
2018,"AnnualStateWideReport_07192019.pdf","Mexico","Seabass, white",47
2018,"AnnualStateWideReport_07192019.pdf","Mexico","Shark, blue",0
2018,"AnnualStateWideReport_07192019.pdf","Mexico","Shark, bonito (mako)",7
2018,"AnnualStateWideReport_07192019.pdf","Mexico","Shark, leopard",0
2018,"AnnualStateWideReport_07192019.pdf","Mexico","Shark, unspecified",0
2018,"AnnualStateWideReport_07192019.pdf","Mexico","Sheephead, California",666
2018,"AnnualStateWideReport_07192019.pdf","Mexico","Sturgeon, unspecified",0
2018,"AnnualStateWideReport_07192019.pdf","Mexico","Tuna, albacore",0
2018,"AnnualStateWideReport_07192019.pdf","Mexico","Tuna, bluefin",2867
2018,"AnnualStateWideReport_07192019.pdf","Mexico","Tuna, skipjack",34876
2018,"AnnualStateWideReport_07192019.pdf","Mexico","Tuna, yellowfin",88588
2018,"AnnualStateWideReport_07192019.pdf","Mexico","Wahoo",6397
2018,"AnnualStateWideReport_07192019.pdf","Mexico","Whitefish, ocean",4431
2018,"AnnualStateWideReport_07192019.pdf","Mexico","Yellowtail",63439
2019,"AnnualStatewideReport2019.pdf","All","Barracuda, California",16227
2019,"AnnualStatewideReport2019.pdf","All","Bass, barred sand",25269
2019,"AnnualStatewideReport2019.pdf","All","Bass, giant (black) sea",0
2019,"AnnualStatewideReport2019.pdf","All","Bass, kelp (calico)",106410
2019,"AnnualStatewideReport2019.pdf","All","Bass, striped",15378
2019,"AnnualStatewideReport2019.pdf","All","Bonito, Pacific",86832
2019,"AnnualStatewideReport2019.pdf","All","Cabezon",2509
2019,"AnnualStatewideReport2019.pdf","All","Croaker, unspecified",100
2019,"AnnualStatewideReport2019.pdf","All","Croaker, white",373
2019,"AnnualStatewideReport2019.pdf","All","Dolphinfish",12411
2019,"AnnualStatewideReport2019.pdf","All","Fishes, unspecified",29030
2019,"AnnualStatewideReport2019.pdf","All","Flatfishes, unspecified",5956
2019,"AnnualStatewideReport2019.pdf","All","Greenling, kelp",2527
2019,"AnnualStatewideReport2019.pdf","All","Halfmoon",29995
2019,"AnnualStatewideReport2019.pdf","All","Halibut, California",16193
2019,"AnnualStatewideReport2019.pdf","All","Invertebrates, unspecified",163916
2019,"AnnualStatewideReport2019.pdf","All","Lingcod",59800
2019,"AnnualStatewideReport2019.pdf","All","Mackerel, jack",1136
2019,"AnnualStatewideReport2019.pdf","All","Mackerel, Pacific",13246
2019,"AnnualStatewideReport2019.pdf","All","Marlin, striped",3
2019,"AnnualStatewideReport2019.pdf","All","Rockfish, blue",266887
2019,"AnnualStatewideReport2019.pdf","All","Rockfish, gopher",24672
2019,"AnnualStatewideReport2019.pdf","All","Rockfishes, unspecified",1276650
2019,"AnnualStatewideReport2019.pdf","All","Salmon, king (Chinook)",44926
2019,"AnnualStatewideReport2019.pdf","All","Salmon, unspecified",748
2019,"AnnualStatewideReport2019.pdf","All","Sanddab",142524
2019,"AnnualStatewideReport2019.pdf","All","Scorpionfish, California",114386
2019,"AnnualStatewideReport2019.pdf","All","Seabass, white",2864
2019,"AnnualStatewideReport2019.pdf","All","Shark, blue",1
2019,"AnnualStatewideReport2019.pdf","All","Shark, bonito (mako)",138
2019,"AnnualStatewideReport2019.pdf","All","Shark, leopard",609
2019,"AnnualStatewideReport2019.pdf","All","Shark, unspecified",407
2019,"AnnualStatewideReport2019.pdf","All","Sheephead, California",29494
2019,"AnnualStatewideReport2019.pdf","All","Sturgeon, unspecified",19
2019,"AnnualStatewideReport2019.pdf","All","Tuna, albacore",1353
2019,"AnnualStatewideReport2019.pdf","All","Tuna, bluefin",12750
2019,"AnnualStatewideReport2019.pdf","All","Tuna, skipjack",51407
2019,"AnnualStatewideReport2019.pdf","All","Tuna, yellowfin",106194
2019,"AnnualStatewideReport2019.pdf","All","Wahoo",6398
2019,"AnnualStatewideReport2019.pdf","All","Whitefish, ocean",396773
2019,"AnnualStatewideReport2019.pdf","All","Yellowtail",101245
2019,"AnnualStatewideReport2019.pdf","Mexico","Barracuda, California",894
2019,"AnnualStatewideReport2019.pdf","Mexico","Bass, barred sand",351
2019,"AnnualStatewideReport2019.pdf","Mexico","Bass, giant (black) sea",0
2019,"AnnualStatewideReport2019.pdf","Mexico","Bass, kelp (calico)",5162
2019,"AnnualStatewideReport2019.pdf","Mexico","Bass, striped",0
2019,"AnnualStatewideReport2019.pdf","Mexico","Bonito, Pacific",6723
2019,"AnnualStatewideReport2019.pdf","Mexico","Cabezon",1
2019,"AnnualStatewideReport2019.pdf","Mexico","Croaker, unspecified",21
2019,"AnnualStatewideReport2019.pdf","Mexico","Croaker, white",1
2019,"AnnualStatewideReport2019.pdf","Mexico","Dolphinfish",9259
2019,"AnnualStatewideReport2019.pdf","Mexico","Fishes, unspecified",807
2019,"AnnualStatewideReport2019.pdf","Mexico","Flatfishes, unspecified",1
2019,"AnnualStatewideReport2019.pdf","Mexico","Greenling, kelp",9
2019,"AnnualStatewideReport2019.pdf","Mexico","Halfmoon",0
2019,"AnnualStatewideReport2019.pdf","Mexico","Halibut, California",51
2019,"AnnualStatewideReport2019.pdf","Mexico","Invertebrates, unspecified",0
2019,"AnnualStatewideReport2019.pdf","Mexico","Lingcod",521
2019,"AnnualStatewideReport2019.pdf","Mexico","Mackerel, jack",0
2019,"AnnualStatewideReport2019.pdf","Mexico","Mackerel, Pacific",68
2019,"AnnualStatewideReport2019.pdf","Mexico","Marlin, striped",3
2019,"AnnualStatewideReport2019.pdf","Mexico","Rockfish, blue",12
2019,"AnnualStatewideReport2019.pdf","Mexico","Rockfish, gopher",23
2019,"AnnualStatewideReport2019.pdf","Mexico","Rockfishes, unspecified",16986
2019,"AnnualStatewideReport2019.pdf","Mexico","Salmon, king (Chinook)",0
2019,"AnnualStatewideReport2019.pdf","Mexico","Salmon, unspecified",0
2019,"AnnualStatewideReport2019.pdf","Mexico","Sanddab",15
2019,"AnnualStatewideReport2019.pdf","Mexico","Scorpionfish, California",244
2019,"AnnualStatewideReport2019.pdf","Mexico","Seabass, white",47
2019,"AnnualStatewideReport2019.pdf","Mexico","Shark, blue",0
2019,"AnnualStatewideReport2019.pdf","Mexico","Shark, bonito (mako)",7
2019,"AnnualStatewideReport2019.pdf","Mexico","Shark, leopard",0
2019,"AnnualStatewideReport2019.pdf","Mexico","Shark, unspecified",0
2019,"AnnualStatewideReport2019.pdf","Mexico","Sheephead, California",669
2019,"AnnualStatewideReport2019.pdf","Mexico","Sturgeon, unspecified",0
2019,"AnnualStatewideReport2019.pdf","Mexico","Tuna, albacore",0
2019,"AnnualStatewideReport2019.pdf","Mexico","Tuna, bluefin",2884
2019,"AnnualStatewideReport2019.pdf","Mexico","Tuna, skipjack",35447
2019,"AnnualStatewideReport2019.pdf","Mexico","Tuna, yellowfin",90176
2019,"AnnualStatewideReport2019.pdf","Mexico","Wahoo",6397
2019,"AnnualStatewideReport2019.pdf","Mexico","Whitefish, ocean",4431
2019,"AnnualStatewideReport2019.pdf","Mexico","Yellowtail",63564
